Copyright 1986-2018 Xilinx, Inc. All Rights Reserved.
--------------------------------------------------------------------------------------------------------------------------------------------------------------------------------------------------------------
| Tool Version : Vivado v.2018.3 (win64) Build 2405991 Thu Dec  6 23:38:27 MST 2018
| Date         : Fri May 22 01:10:38 2026
| Host         : DESKTOP-B526498 running 64-bit major release  (build 9200)
| Command      : report_timing_summary -max_paths 10 -file task2_clk_wiz_timing_summary_routed.rpt -pb task2_clk_wiz_timing_summary_routed.pb -rpx task2_clk_wiz_timing_summary_routed.rpx -warn_on_violation
| Design       : task2_clk_wiz
| Device       : 7a100ti-csg324
| Speed File   : -1L  PRODUCTION 1.23 2018-06-13
--------------------------------------------------------------------------------------------------------------------------------------------------------------------------------------------------------------

Timing Summary Report

------------------------------------------------------------------------------------------------
| Timer Settings
| --------------
------------------------------------------------------------------------------------------------

  Enable Multi Corner Analysis               :  Yes
  Enable Pessimism Removal                   :  Yes
  Pessimism Removal Resolution               :  Nearest Common Node
  Enable Input Delay Default Clock           :  No
  Enable Preset / Clear Arcs                 :  No
  Disable Flight Delays                      :  No
  Ignore I/O Paths                           :  No
  Timing Early Launch at Borrowing Latches   :  false

  Corner  Analyze    Analyze    
  Name    Max Paths  Min Paths  
  ------  ---------  ---------  
  Slow    Yes        Yes        
  Fast    Yes        Yes        



check_timing report

Table of Contents
-----------------
1. checking no_clock
2. checking constant_clock
3. checking pulse_width_clock
4. checking unconstrained_internal_endpoints
5. checking no_input_delay
6. checking no_output_delay
7. checking multiple_clock
8. checking generated_clocks
9. checking loops
10. checking partial_input_delay
11. checking partial_output_delay
12. checking latch_loops

1. checking no_clock
--------------------
 There are 0 register/latch pins with no clock.


2. checking constant_clock
--------------------------
 There are 0 register/latch pins with constant_clock.


3. checking pulse_width_clock
-----------------------------
 There are 0 register/latch pins which need pulse_width check


4. checking unconstrained_internal_endpoints
--------------------------------------------
 There are 0 pins that are not constrained for maximum delay.

 There are 0 pins that are not constrained for maximum delay due to constant clock.


5. checking no_input_delay
--------------------------
 There are 10 input ports with no input delay specified. (HIGH)

 There are 0 input ports with no input delay but user has a false path constraint.


6. checking no_output_delay
---------------------------
 There are 10 ports with no output delay specified. (HIGH)

 There are 0 ports with no output delay but user has a false path constraint

 There are 0 ports with no output delay but with a timing clock defined on it or propagating through it


7. checking multiple_clock
--------------------------
 There are 0 register/latch pins with multiple clocks.


8. checking generated_clocks
----------------------------
 There are 0 generated clocks that are not connected to a clock source.


9. checking loops
-----------------
 There are 0 combinational loops in the design.


10. checking partial_input_delay
--------------------------------
 There are 0 input ports with partial input delay specified.


11. checking partial_output_delay
---------------------------------
 There are 0 ports with partial output delay specified.


12. checking latch_loops
------------------------
 There are 0 combinational latch loops in the design through latch input



------------------------------------------------------------------------------------------------
| Design Timing Summary
| ---------------------
------------------------------------------------------------------------------------------------

    WNS(ns)      TNS(ns)  TNS Failing Endpoints  TNS Total Endpoints      WHS(ns)      THS(ns)  THS Failing Endpoints  THS Total Endpoints     WPWS(ns)     TPWS(ns)  TPWS Failing Endpoints  TPWS Total Endpoints  
    -------      -------  ---------------------  -------------------      -------      -------  ---------------------  -------------------     --------     --------  ----------------------  --------------------  
     -0.869       -7.833                     10                   33        0.088        0.000                      0                   33        3.000        0.000                       0                    34  


Timing constraints are not met.


------------------------------------------------------------------------------------------------
| Clock Summary
| -------------
------------------------------------------------------------------------------------------------

Clock                 Waveform(ns)       Period(ns)      Frequency(MHz)
-----                 ------------       ----------      --------------
clk_i                 {0.000 5.000}      10.000          100.000         
  clk_out1_clk_wiz_0  {0.000 17.857}     35.714          28.000          
  clk_out2_clk_wiz_0  {0.000 12.857}     25.714          38.889          
  clkfbout_clk_wiz_0  {0.000 5.000}      10.000          100.000         


------------------------------------------------------------------------------------------------
| Intra Clock Table
| -----------------
------------------------------------------------------------------------------------------------

Clock                     WNS(ns)      TNS(ns)  TNS Failing Endpoints  TNS Total Endpoints      WHS(ns)      THS(ns)  THS Failing Endpoints  THS Total Endpoints     WPWS(ns)     TPWS(ns)  TPWS Failing Endpoints  TPWS Total Endpoints  
-----                     -------      -------  ---------------------  -------------------      -------      -------  ---------------------  -------------------     --------     --------  ----------------------  --------------------  
clk_i                                                                                                                                                                   3.000        0.000                       0                     1  
  clk_out1_clk_wiz_0       33.801        0.000                      0                   11        0.263        0.000                      0                   11       17.357        0.000                       0                    14  
  clk_out2_clk_wiz_0       23.472        0.000                      0                   12        0.262        0.000                      0                   12       12.357        0.000                       0                    16  
  clkfbout_clk_wiz_0                                                                                                                                                    7.845        0.000                       0                     3  


------------------------------------------------------------------------------------------------
| Inter Clock Table
| -----------------
------------------------------------------------------------------------------------------------

From Clock          To Clock                WNS(ns)      TNS(ns)  TNS Failing Endpoints  TNS Total Endpoints      WHS(ns)      THS(ns)  THS Failing Endpoints  THS Total Endpoints  
----------          --------                -------      -------  ---------------------  -------------------      -------      -------  ---------------------  -------------------  
clk_out2_clk_wiz_0  clk_out1_clk_wiz_0       -0.752       -0.752                      1                    1        0.127        0.000                      0                    1  
clk_out1_clk_wiz_0  clk_out2_clk_wiz_0       -0.869       -7.081                      9                    9        0.088        0.000                      0                    9  


------------------------------------------------------------------------------------------------
| Other Path Groups Table
| -----------------------
------------------------------------------------------------------------------------------------

Path Group    From Clock    To Clock          WNS(ns)      TNS(ns)  TNS Failing Endpoints  TNS Total Endpoints      WHS(ns)      THS(ns)  THS Failing Endpoints  THS Total Endpoints  
----------    ----------    --------          -------      -------  ---------------------  -------------------      -------      -------  ---------------------  -------------------  


------------------------------------------------------------------------------------------------
| Timing Details
| --------------
------------------------------------------------------------------------------------------------


---------------------------------------------------------------------------------------------------
From Clock:  clk_i
  To Clock:  clk_i

Setup :           NA  Failing Endpoints,  Worst Slack           NA  ,  Total Violation           NA
Hold  :           NA  Failing Endpoints,  Worst Slack           NA  ,  Total Violation           NA
PW    :            0  Failing Endpoints,  Worst Slack        3.000ns,  Total Violation        0.000ns
---------------------------------------------------------------------------------------------------


Pulse Width Checks
--------------------------------------------------------------------------------------
Clock Name:         clk_i
Waveform(ns):       { 0.000 5.000 }
Period(ns):         10.000
Sources:            { clk_i }

Check Type        Corner  Lib Pin           Reference Pin  Required(ns)  Actual(ns)  Slack(ns)  Location        Pin
Min Period        n/a     PLLE2_ADV/CLKIN1  n/a            1.249         10.000      8.751      PLLE2_ADV_X0Y1  clk_wiz_0_inst/inst/plle2_adv_inst/CLKIN1
Max Period        n/a     PLLE2_ADV/CLKIN1  n/a            52.633        10.000      42.633     PLLE2_ADV_X0Y1  clk_wiz_0_inst/inst/plle2_adv_inst/CLKIN1
Low Pulse Width   Slow    PLLE2_ADV/CLKIN1  n/a            2.000         5.000       3.000      PLLE2_ADV_X0Y1  clk_wiz_0_inst/inst/plle2_adv_inst/CLKIN1
Low Pulse Width   Fast    PLLE2_ADV/CLKIN1  n/a            2.000         5.000       3.000      PLLE2_ADV_X0Y1  clk_wiz_0_inst/inst/plle2_adv_inst/CLKIN1
High Pulse Width  Slow    PLLE2_ADV/CLKIN1  n/a            2.000         5.000       3.000      PLLE2_ADV_X0Y1  clk_wiz_0_inst/inst/plle2_adv_inst/CLKIN1
High Pulse Width  Fast    PLLE2_ADV/CLKIN1  n/a            2.000         5.000       3.000      PLLE2_ADV_X0Y1  clk_wiz_0_inst/inst/plle2_adv_inst/CLKIN1



---------------------------------------------------------------------------------------------------
From Clock:  clk_out1_clk_wiz_0
  To Clock:  clk_out1_clk_wiz_0

Setup :            0  Failing Endpoints,  Worst Slack       33.801ns,  Total Violation        0.000ns
Hold  :            0  Failing Endpoints,  Worst Slack        0.263ns,  Total Violation        0.000ns
PW    :            0  Failing Endpoints,  Worst Slack       17.357ns,  Total Violation        0.000ns
---------------------------------------------------------------------------------------------------


Max Delay Paths
--------------------------------------------------------------------------------------
Slack (MET) :             33.801ns  (required time - arrival time)
  Source:                 task2_inst/syncA_ff_reg[2]/C
                            (rising edge-triggered cell FDCE clocked by clk_out1_clk_wiz_0  {rise@0.000ns fall@17.857ns period=35.714ns})
  Destination:            task2_inst/dataA_hold_ff_reg[0]/CE
                            (rising edge-triggered cell FDCE clocked by clk_out1_clk_wiz_0  {rise@0.000ns fall@17.857ns period=35.714ns})
  Path Group:             clk_out1_clk_wiz_0
  Path Type:              Setup (Max at Slow Process Corner)
  Requirement:            35.714ns  (clk_out1_clk_wiz_0 rise@35.714ns - clk_out1_clk_wiz_0 rise@0.000ns)
  Data Path Delay:        1.611ns  (logic 0.580ns (36.005%)  route 1.031ns (63.995%))
  Logic Levels:           1  (LUT2=1)
  Clock Path Skew:        -0.024ns (DCD - SCD + CPR)
    Destination Clock Delay (DCD):    -2.545ns = ( 33.169 - 35.714 ) 
    Source Clock Delay      (SCD):    -2.870ns
    Clock Pessimism Removal (CPR):    -0.349ns
  Clock Uncertainty:      0.074ns  ((TSJ^2 + DJ^2)^1/2) / 2 + PE
    Total System Jitter     (TSJ):    0.071ns
    Discrete Jitter          (DJ):    0.129ns
    Phase Error              (PE):    0.000ns

    Location             Delay type                Incr(ns)  Path(ns)    Netlist Resource(s)
  -------------------------------------------------------------------    -------------------
                         (clock clk_out1_clk_wiz_0 rise edge)
                                                      0.000     0.000 r  
    N15                                               0.000     0.000 r  clk_i (IN)
                         net (fo=0)                   0.000     0.000    clk_wiz_0_inst/inst/clk_in1
    N15                  IBUF (Prop_ibuf_I_O)         0.948     0.948 r  clk_wiz_0_inst/inst/clkin1_ibufg/O
                         net (fo=1, routed)           1.253     2.201    clk_wiz_0_inst/inst/clk_in1_clk_wiz_0
    PLLE2_ADV_X0Y1       PLLE2_ADV (Prop_plle2_adv_CLKIN1_CLKOUT0)
                                                     -8.590    -6.389 r  clk_wiz_0_inst/inst/plle2_adv_inst/CLKOUT0
                         net (fo=1, routed)           1.704    -4.685    clk_wiz_0_inst/inst/clk_out1_clk_wiz_0
    BUFGCTRL_X0Y1        BUFG (Prop_bufg_I_O)         0.096    -4.589 r  clk_wiz_0_inst/inst/clkout1_buf/O
                         net (fo=12, routed)          1.718    -2.870    task2_inst/CLK
    SLICE_X3Y63          FDCE                                         r  task2_inst/syncA_ff_reg[2]/C
  -------------------------------------------------------------------    -------------------
    SLICE_X3Y63          FDCE (Prop_fdce_C_Q)         0.456    -2.414 r  task2_inst/syncA_ff_reg[2]/Q
                         net (fo=2, routed)           0.699    -1.715    task2_inst/syncA_ff[2]
    SLICE_X3Y63          LUT2 (Prop_lut2_I0_O)        0.124    -1.591 r  task2_inst/dataA_hold_ff[7]_i_1/O
                         net (fo=8, routed)           0.332    -1.259    task2_inst/reqA_pulse
    SLICE_X0Y62          FDCE                                         r  task2_inst/dataA_hold_ff_reg[0]/CE
  -------------------------------------------------------------------    -------------------

                         (clock clk_out1_clk_wiz_0 rise edge)
                                                     35.714    35.714 r  
    N15                                               0.000    35.714 r  clk_i (IN)
                         net (fo=0)                   0.000    35.714    clk_wiz_0_inst/inst/clk_in1
    N15                  IBUF (Prop_ibuf_I_O)         0.814    36.529 r  clk_wiz_0_inst/inst/clkin1_ibufg/O
                         net (fo=1, routed)           1.181    37.709    clk_wiz_0_inst/inst/clk_in1_clk_wiz_0
    PLLE2_ADV_X0Y1       PLLE2_ADV (Prop_plle2_adv_CLKIN1_CLKOUT0)
                                                     -7.855    29.855 r  clk_wiz_0_inst/inst/plle2_adv_inst/CLKOUT0
                         net (fo=1, routed)           1.625    31.480    clk_wiz_0_inst/inst/clk_out1_clk_wiz_0
    BUFGCTRL_X0Y1        BUFG (Prop_bufg_I_O)         0.091    31.571 r  clk_wiz_0_inst/inst/clkout1_buf/O
                         net (fo=12, routed)          1.598    33.169    task2_inst/CLK
    SLICE_X0Y62          FDCE                                         r  task2_inst/dataA_hold_ff_reg[0]/C
                         clock pessimism             -0.349    32.820    
                         clock uncertainty           -0.074    32.746    
    SLICE_X0Y62          FDCE (Setup_fdce_C_CE)      -0.205    32.541    task2_inst/dataA_hold_ff_reg[0]
  -------------------------------------------------------------------
                         required time                         32.541    
                         arrival time                           1.259    
  -------------------------------------------------------------------
                         slack                                 33.801    

Slack (MET) :             33.801ns  (required time - arrival time)
  Source:                 task2_inst/syncA_ff_reg[2]/C
                            (rising edge-triggered cell FDCE clocked by clk_out1_clk_wiz_0  {rise@0.000ns fall@17.857ns period=35.714ns})
  Destination:            task2_inst/dataA_hold_ff_reg[1]/CE
                            (rising edge-triggered cell FDCE clocked by clk_out1_clk_wiz_0  {rise@0.000ns fall@17.857ns period=35.714ns})
  Path Group:             clk_out1_clk_wiz_0
  Path Type:              Setup (Max at Slow Process Corner)
  Requirement:            35.714ns  (clk_out1_clk_wiz_0 rise@35.714ns - clk_out1_clk_wiz_0 rise@0.000ns)
  Data Path Delay:        1.611ns  (logic 0.580ns (36.005%)  route 1.031ns (63.995%))
  Logic Levels:           1  (LUT2=1)
  Clock Path Skew:        -0.024ns (DCD - SCD + CPR)
    Destination Clock Delay (DCD):    -2.545ns = ( 33.169 - 35.714 ) 
    Source Clock Delay      (SCD):    -2.870ns
    Clock Pessimism Removal (CPR):    -0.349ns
  Clock Uncertainty:      0.074ns  ((TSJ^2 + DJ^2)^1/2) / 2 + PE
    Total System Jitter     (TSJ):    0.071ns
    Discrete Jitter          (DJ):    0.129ns
    Phase Error              (PE):    0.000ns

    Location             Delay type                Incr(ns)  Path(ns)    Netlist Resource(s)
  -------------------------------------------------------------------    -------------------
                         (clock clk_out1_clk_wiz_0 rise edge)
                                                      0.000     0.000 r  
    N15                                               0.000     0.000 r  clk_i (IN)
                         net (fo=0)                   0.000     0.000    clk_wiz_0_inst/inst/clk_in1
    N15                  IBUF (Prop_ibuf_I_O)         0.948     0.948 r  clk_wiz_0_inst/inst/clkin1_ibufg/O
                         net (fo=1, routed)           1.253     2.201    clk_wiz_0_inst/inst/clk_in1_clk_wiz_0
    PLLE2_ADV_X0Y1       PLLE2_ADV (Prop_plle2_adv_CLKIN1_CLKOUT0)
                                                     -8.590    -6.389 r  clk_wiz_0_inst/inst/plle2_adv_inst/CLKOUT0
                         net (fo=1, routed)           1.704    -4.685    clk_wiz_0_inst/inst/clk_out1_clk_wiz_0
    BUFGCTRL_X0Y1        BUFG (Prop_bufg_I_O)         0.096    -4.589 r  clk_wiz_0_inst/inst/clkout1_buf/O
                         net (fo=12, routed)          1.718    -2.870    task2_inst/CLK
    SLICE_X3Y63          FDCE                                         r  task2_inst/syncA_ff_reg[2]/C
  -------------------------------------------------------------------    -------------------
    SLICE_X3Y63          FDCE (Prop_fdce_C_Q)         0.456    -2.414 r  task2_inst/syncA_ff_reg[2]/Q
                         net (fo=2, routed)           0.699    -1.715    task2_inst/syncA_ff[2]
    SLICE_X3Y63          LUT2 (Prop_lut2_I0_O)        0.124    -1.591 r  task2_inst/dataA_hold_ff[7]_i_1/O
                         net (fo=8, routed)           0.332    -1.259    task2_inst/reqA_pulse
    SLICE_X0Y62          FDCE                                         r  task2_inst/dataA_hold_ff_reg[1]/CE
  -------------------------------------------------------------------    -------------------

                         (clock clk_out1_clk_wiz_0 rise edge)
                                                     35.714    35.714 r  
    N15                                               0.000    35.714 r  clk_i (IN)
                         net (fo=0)                   0.000    35.714    clk_wiz_0_inst/inst/clk_in1
    N15                  IBUF (Prop_ibuf_I_O)         0.814    36.529 r  clk_wiz_0_inst/inst/clkin1_ibufg/O
                         net (fo=1, routed)           1.181    37.709    clk_wiz_0_inst/inst/clk_in1_clk_wiz_0
    PLLE2_ADV_X0Y1       PLLE2_ADV (Prop_plle2_adv_CLKIN1_CLKOUT0)
                                                     -7.855    29.855 r  clk_wiz_0_inst/inst/plle2_adv_inst/CLKOUT0
                         net (fo=1, routed)           1.625    31.480    clk_wiz_0_inst/inst/clk_out1_clk_wiz_0
    BUFGCTRL_X0Y1        BUFG (Prop_bufg_I_O)         0.091    31.571 r  clk_wiz_0_inst/inst/clkout1_buf/O
                         net (fo=12, routed)          1.598    33.169    task2_inst/CLK
    SLICE_X0Y62          FDCE                                         r  task2_inst/dataA_hold_ff_reg[1]/C
                         clock pessimism             -0.349    32.820    
                         clock uncertainty           -0.074    32.746    
    SLICE_X0Y62          FDCE (Setup_fdce_C_CE)      -0.205    32.541    task2_inst/dataA_hold_ff_reg[1]
  -------------------------------------------------------------------
                         required time                         32.541    
                         arrival time                           1.259    
  -------------------------------------------------------------------
                         slack                                 33.801    

Slack (MET) :             33.801ns  (required time - arrival time)
  Source:                 task2_inst/syncA_ff_reg[2]/C
                            (rising edge-triggered cell FDCE clocked by clk_out1_clk_wiz_0  {rise@0.000ns fall@17.857ns period=35.714ns})
  Destination:            task2_inst/dataA_hold_ff_reg[2]/CE
                            (rising edge-triggered cell FDCE clocked by clk_out1_clk_wiz_0  {rise@0.000ns fall@17.857ns period=35.714ns})
  Path Group:             clk_out1_clk_wiz_0
  Path Type:              Setup (Max at Slow Process Corner)
  Requirement:            35.714ns  (clk_out1_clk_wiz_0 rise@35.714ns - clk_out1_clk_wiz_0 rise@0.000ns)
  Data Path Delay:        1.611ns  (logic 0.580ns (36.005%)  route 1.031ns (63.995%))
  Logic Levels:           1  (LUT2=1)
  Clock Path Skew:        -0.024ns (DCD - SCD + CPR)
    Destination Clock Delay (DCD):    -2.545ns = ( 33.169 - 35.714 ) 
    Source Clock Delay      (SCD):    -2.870ns
    Clock Pessimism Removal (CPR):    -0.349ns
  Clock Uncertainty:      0.074ns  ((TSJ^2 + DJ^2)^1/2) / 2 + PE
    Total System Jitter     (TSJ):    0.071ns
    Discrete Jitter          (DJ):    0.129ns
    Phase Error              (PE):    0.000ns

    Location             Delay type                Incr(ns)  Path(ns)    Netlist Resource(s)
  -------------------------------------------------------------------    -------------------
                         (clock clk_out1_clk_wiz_0 rise edge)
                                                      0.000     0.000 r  
    N15                                               0.000     0.000 r  clk_i (IN)
                         net (fo=0)                   0.000     0.000    clk_wiz_0_inst/inst/clk_in1
    N15                  IBUF (Prop_ibuf_I_O)         0.948     0.948 r  clk_wiz_0_inst/inst/clkin1_ibufg/O
                         net (fo=1, routed)           1.253     2.201    clk_wiz_0_inst/inst/clk_in1_clk_wiz_0
    PLLE2_ADV_X0Y1       PLLE2_ADV (Prop_plle2_adv_CLKIN1_CLKOUT0)
                                                     -8.590    -6.389 r  clk_wiz_0_inst/inst/plle2_adv_inst/CLKOUT0
                         net (fo=1, routed)           1.704    -4.685    clk_wiz_0_inst/inst/clk_out1_clk_wiz_0
    BUFGCTRL_X0Y1        BUFG (Prop_bufg_I_O)         0.096    -4.589 r  clk_wiz_0_inst/inst/clkout1_buf/O
                         net (fo=12, routed)          1.718    -2.870    task2_inst/CLK
    SLICE_X3Y63          FDCE                                         r  task2_inst/syncA_ff_reg[2]/C
  -------------------------------------------------------------------    -------------------
    SLICE_X3Y63          FDCE (Prop_fdce_C_Q)         0.456    -2.414 r  task2_inst/syncA_ff_reg[2]/Q
                         net (fo=2, routed)           0.699    -1.715    task2_inst/syncA_ff[2]
    SLICE_X3Y63          LUT2 (Prop_lut2_I0_O)        0.124    -1.591 r  task2_inst/dataA_hold_ff[7]_i_1/O
                         net (fo=8, routed)           0.332    -1.259    task2_inst/reqA_pulse
    SLICE_X0Y62          FDCE                                         r  task2_inst/dataA_hold_ff_reg[2]/CE
  -------------------------------------------------------------------    -------------------

                         (clock clk_out1_clk_wiz_0 rise edge)
                                                     35.714    35.714 r  
    N15                                               0.000    35.714 r  clk_i (IN)
                         net (fo=0)                   0.000    35.714    clk_wiz_0_inst/inst/clk_in1
    N15                  IBUF (Prop_ibuf_I_O)         0.814    36.529 r  clk_wiz_0_inst/inst/clkin1_ibufg/O
                         net (fo=1, routed)           1.181    37.709    clk_wiz_0_inst/inst/clk_in1_clk_wiz_0
    PLLE2_ADV_X0Y1       PLLE2_ADV (Prop_plle2_adv_CLKIN1_CLKOUT0)
                                                     -7.855    29.855 r  clk_wiz_0_inst/inst/plle2_adv_inst/CLKOUT0
                         net (fo=1, routed)           1.625    31.480    clk_wiz_0_inst/inst/clk_out1_clk_wiz_0
    BUFGCTRL_X0Y1        BUFG (Prop_bufg_I_O)         0.091    31.571 r  clk_wiz_0_inst/inst/clkout1_buf/O
                         net (fo=12, routed)          1.598    33.169    task2_inst/CLK
    SLICE_X0Y62          FDCE                                         r  task2_inst/dataA_hold_ff_reg[2]/C
                         clock pessimism             -0.349    32.820    
                         clock uncertainty           -0.074    32.746    
    SLICE_X0Y62          FDCE (Setup_fdce_C_CE)      -0.205    32.541    task2_inst/dataA_hold_ff_reg[2]
  -------------------------------------------------------------------
                         required time                         32.541    
                         arrival time                           1.259    
  -------------------------------------------------------------------
                         slack                                 33.801    

Slack (MET) :             33.801ns  (required time - arrival time)
  Source:                 task2_inst/syncA_ff_reg[2]/C
                            (rising edge-triggered cell FDCE clocked by clk_out1_clk_wiz_0  {rise@0.000ns fall@17.857ns period=35.714ns})
  Destination:            task2_inst/dataA_hold_ff_reg[3]/CE
                            (rising edge-triggered cell FDCE clocked by clk_out1_clk_wiz_0  {rise@0.000ns fall@17.857ns period=35.714ns})
  Path Group:             clk_out1_clk_wiz_0
  Path Type:              Setup (Max at Slow Process Corner)
  Requirement:            35.714ns  (clk_out1_clk_wiz_0 rise@35.714ns - clk_out1_clk_wiz_0 rise@0.000ns)
  Data Path Delay:        1.611ns  (logic 0.580ns (36.005%)  route 1.031ns (63.995%))
  Logic Levels:           1  (LUT2=1)
  Clock Path Skew:        -0.024ns (DCD - SCD + CPR)
    Destination Clock Delay (DCD):    -2.545ns = ( 33.169 - 35.714 ) 
    Source Clock Delay      (SCD):    -2.870ns
    Clock Pessimism Removal (CPR):    -0.349ns
  Clock Uncertainty:      0.074ns  ((TSJ^2 + DJ^2)^1/2) / 2 + PE
    Total System Jitter     (TSJ):    0.071ns
    Discrete Jitter          (DJ):    0.129ns
    Phase Error              (PE):    0.000ns

    Location             Delay type                Incr(ns)  Path(ns)    Netlist Resource(s)
  -------------------------------------------------------------------    -------------------
                         (clock clk_out1_clk_wiz_0 rise edge)
                                                      0.000     0.000 r  
    N15                                               0.000     0.000 r  clk_i (IN)
                         net (fo=0)                   0.000     0.000    clk_wiz_0_inst/inst/clk_in1
    N15                  IBUF (Prop_ibuf_I_O)         0.948     0.948 r  clk_wiz_0_inst/inst/clkin1_ibufg/O
                         net (fo=1, routed)           1.253     2.201    clk_wiz_0_inst/inst/clk_in1_clk_wiz_0
    PLLE2_ADV_X0Y1       PLLE2_ADV (Prop_plle2_adv_CLKIN1_CLKOUT0)
                                                     -8.590    -6.389 r  clk_wiz_0_inst/inst/plle2_adv_inst/CLKOUT0
                         net (fo=1, routed)           1.704    -4.685    clk_wiz_0_inst/inst/clk_out1_clk_wiz_0
    BUFGCTRL_X0Y1        BUFG (Prop_bufg_I_O)         0.096    -4.589 r  clk_wiz_0_inst/inst/clkout1_buf/O
                         net (fo=12, routed)          1.718    -2.870    task2_inst/CLK
    SLICE_X3Y63          FDCE                                         r  task2_inst/syncA_ff_reg[2]/C
  -------------------------------------------------------------------    -------------------
    SLICE_X3Y63          FDCE (Prop_fdce_C_Q)         0.456    -2.414 r  task2_inst/syncA_ff_reg[2]/Q
                         net (fo=2, routed)           0.699    -1.715    task2_inst/syncA_ff[2]
    SLICE_X3Y63          LUT2 (Prop_lut2_I0_O)        0.124    -1.591 r  task2_inst/dataA_hold_ff[7]_i_1/O
                         net (fo=8, routed)           0.332    -1.259    task2_inst/reqA_pulse
    SLICE_X0Y62          FDCE                                         r  task2_inst/dataA_hold_ff_reg[3]/CE
  -------------------------------------------------------------------    -------------------

                         (clock clk_out1_clk_wiz_0 rise edge)
                                                     35.714    35.714 r  
    N15                                               0.000    35.714 r  clk_i (IN)
                         net (fo=0)                   0.000    35.714    clk_wiz_0_inst/inst/clk_in1
    N15                  IBUF (Prop_ibuf_I_O)         0.814    36.529 r  clk_wiz_0_inst/inst/clkin1_ibufg/O
                         net (fo=1, routed)           1.181    37.709    clk_wiz_0_inst/inst/clk_in1_clk_wiz_0
    PLLE2_ADV_X0Y1       PLLE2_ADV (Prop_plle2_adv_CLKIN1_CLKOUT0)
                                                     -7.855    29.855 r  clk_wiz_0_inst/inst/plle2_adv_inst/CLKOUT0
                         net (fo=1, routed)           1.625    31.480    clk_wiz_0_inst/inst/clk_out1_clk_wiz_0
    BUFGCTRL_X0Y1        BUFG (Prop_bufg_I_O)         0.091    31.571 r  clk_wiz_0_inst/inst/clkout1_buf/O
                         net (fo=12, routed)          1.598    33.169    task2_inst/CLK
    SLICE_X0Y62          FDCE                                         r  task2_inst/dataA_hold_ff_reg[3]/C
                         clock pessimism             -0.349    32.820    
                         clock uncertainty           -0.074    32.746    
    SLICE_X0Y62          FDCE (Setup_fdce_C_CE)      -0.205    32.541    task2_inst/dataA_hold_ff_reg[3]
  -------------------------------------------------------------------
                         required time                         32.541    
                         arrival time                           1.259    
  -------------------------------------------------------------------
                         slack                                 33.801    

Slack (MET) :             33.801ns  (required time - arrival time)
  Source:                 task2_inst/syncA_ff_reg[2]/C
                            (rising edge-triggered cell FDCE clocked by clk_out1_clk_wiz_0  {rise@0.000ns fall@17.857ns period=35.714ns})
  Destination:            task2_inst/dataA_hold_ff_reg[4]/CE
                            (rising edge-triggered cell FDCE clocked by clk_out1_clk_wiz_0  {rise@0.000ns fall@17.857ns period=35.714ns})
  Path Group:             clk_out1_clk_wiz_0
  Path Type:              Setup (Max at Slow Process Corner)
  Requirement:            35.714ns  (clk_out1_clk_wiz_0 rise@35.714ns - clk_out1_clk_wiz_0 rise@0.000ns)
  Data Path Delay:        1.611ns  (logic 0.580ns (36.005%)  route 1.031ns (63.995%))
  Logic Levels:           1  (LUT2=1)
  Clock Path Skew:        -0.024ns (DCD - SCD + CPR)
    Destination Clock Delay (DCD):    -2.545ns = ( 33.169 - 35.714 ) 
    Source Clock Delay      (SCD):    -2.870ns
    Clock Pessimism Removal (CPR):    -0.349ns
  Clock Uncertainty:      0.074ns  ((TSJ^2 + DJ^2)^1/2) / 2 + PE
    Total System Jitter     (TSJ):    0.071ns
    Discrete Jitter          (DJ):    0.129ns
    Phase Error              (PE):    0.000ns

    Location             Delay type                Incr(ns)  Path(ns)    Netlist Resource(s)
  -------------------------------------------------------------------    -------------------
                         (clock clk_out1_clk_wiz_0 rise edge)
                                                      0.000     0.000 r  
    N15                                               0.000     0.000 r  clk_i (IN)
                         net (fo=0)                   0.000     0.000    clk_wiz_0_inst/inst/clk_in1
    N15                  IBUF (Prop_ibuf_I_O)         0.948     0.948 r  clk_wiz_0_inst/inst/clkin1_ibufg/O
                         net (fo=1, routed)           1.253     2.201    clk_wiz_0_inst/inst/clk_in1_clk_wiz_0
    PLLE2_ADV_X0Y1       PLLE2_ADV (Prop_plle2_adv_CLKIN1_CLKOUT0)
                                                     -8.590    -6.389 r  clk_wiz_0_inst/inst/plle2_adv_inst/CLKOUT0
                         net (fo=1, routed)           1.704    -4.685    clk_wiz_0_inst/inst/clk_out1_clk_wiz_0
    BUFGCTRL_X0Y1        BUFG (Prop_bufg_I_O)         0.096    -4.589 r  clk_wiz_0_inst/inst/clkout1_buf/O
                         net (fo=12, routed)          1.718    -2.870    task2_inst/CLK
    SLICE_X3Y63          FDCE                                         r  task2_inst/syncA_ff_reg[2]/C
  -------------------------------------------------------------------    -------------------
    SLICE_X3Y63          FDCE (Prop_fdce_C_Q)         0.456    -2.414 r  task2_inst/syncA_ff_reg[2]/Q
                         net (fo=2, routed)           0.699    -1.715    task2_inst/syncA_ff[2]
    SLICE_X3Y63          LUT2 (Prop_lut2_I0_O)        0.124    -1.591 r  task2_inst/dataA_hold_ff[7]_i_1/O
                         net (fo=8, routed)           0.332    -1.259    task2_inst/reqA_pulse
    SLICE_X0Y62          FDCE                                         r  task2_inst/dataA_hold_ff_reg[4]/CE
  -------------------------------------------------------------------    -------------------

                         (clock clk_out1_clk_wiz_0 rise edge)
                                                     35.714    35.714 r  
    N15                                               0.000    35.714 r  clk_i (IN)
                         net (fo=0)                   0.000    35.714    clk_wiz_0_inst/inst/clk_in1
    N15                  IBUF (Prop_ibuf_I_O)         0.814    36.529 r  clk_wiz_0_inst/inst/clkin1_ibufg/O
                         net (fo=1, routed)           1.181    37.709    clk_wiz_0_inst/inst/clk_in1_clk_wiz_0
    PLLE2_ADV_X0Y1       PLLE2_ADV (Prop_plle2_adv_CLKIN1_CLKOUT0)
                                                     -7.855    29.855 r  clk_wiz_0_inst/inst/plle2_adv_inst/CLKOUT0
                         net (fo=1, routed)           1.625    31.480    clk_wiz_0_inst/inst/clk_out1_clk_wiz_0
    BUFGCTRL_X0Y1        BUFG (Prop_bufg_I_O)         0.091    31.571 r  clk_wiz_0_inst/inst/clkout1_buf/O
                         net (fo=12, routed)          1.598    33.169    task2_inst/CLK
    SLICE_X0Y62          FDCE                                         r  task2_inst/dataA_hold_ff_reg[4]/C
                         clock pessimism             -0.349    32.820    
                         clock uncertainty           -0.074    32.746    
    SLICE_X0Y62          FDCE (Setup_fdce_C_CE)      -0.205    32.541    task2_inst/dataA_hold_ff_reg[4]
  -------------------------------------------------------------------
                         required time                         32.541    
                         arrival time                           1.259    
  -------------------------------------------------------------------
                         slack                                 33.801    

Slack (MET) :             33.801ns  (required time - arrival time)
  Source:                 task2_inst/syncA_ff_reg[2]/C
                            (rising edge-triggered cell FDCE clocked by clk_out1_clk_wiz_0  {rise@0.000ns fall@17.857ns period=35.714ns})
  Destination:            task2_inst/dataA_hold_ff_reg[5]/CE
                            (rising edge-triggered cell FDCE clocked by clk_out1_clk_wiz_0  {rise@0.000ns fall@17.857ns period=35.714ns})
  Path Group:             clk_out1_clk_wiz_0
  Path Type:              Setup (Max at Slow Process Corner)
  Requirement:            35.714ns  (clk_out1_clk_wiz_0 rise@35.714ns - clk_out1_clk_wiz_0 rise@0.000ns)
  Data Path Delay:        1.611ns  (logic 0.580ns (36.005%)  route 1.031ns (63.995%))
  Logic Levels:           1  (LUT2=1)
  Clock Path Skew:        -0.024ns (DCD - SCD + CPR)
    Destination Clock Delay (DCD):    -2.545ns = ( 33.169 - 35.714 ) 
    Source Clock Delay      (SCD):    -2.870ns
    Clock Pessimism Removal (CPR):    -0.349ns
  Clock Uncertainty:      0.074ns  ((TSJ^2 + DJ^2)^1/2) / 2 + PE
    Total System Jitter     (TSJ):    0.071ns
    Discrete Jitter          (DJ):    0.129ns
    Phase Error              (PE):    0.000ns

    Location             Delay type                Incr(ns)  Path(ns)    Netlist Resource(s)
  -------------------------------------------------------------------    -------------------
                         (clock clk_out1_clk_wiz_0 rise edge)
                                                      0.000     0.000 r  
    N15                                               0.000     0.000 r  clk_i (IN)
                         net (fo=0)                   0.000     0.000    clk_wiz_0_inst/inst/clk_in1
    N15                  IBUF (Prop_ibuf_I_O)         0.948     0.948 r  clk_wiz_0_inst/inst/clkin1_ibufg/O
                         net (fo=1, routed)           1.253     2.201    clk_wiz_0_inst/inst/clk_in1_clk_wiz_0
    PLLE2_ADV_X0Y1       PLLE2_ADV (Prop_plle2_adv_CLKIN1_CLKOUT0)
                                                     -8.590    -6.389 r  clk_wiz_0_inst/inst/plle2_adv_inst/CLKOUT0
                         net (fo=1, routed)           1.704    -4.685    clk_wiz_0_inst/inst/clk_out1_clk_wiz_0
    BUFGCTRL_X0Y1        BUFG (Prop_bufg_I_O)         0.096    -4.589 r  clk_wiz_0_inst/inst/clkout1_buf/O
                         net (fo=12, routed)          1.718    -2.870    task2_inst/CLK
    SLICE_X3Y63          FDCE                                         r  task2_inst/syncA_ff_reg[2]/C
  -------------------------------------------------------------------    -------------------
    SLICE_X3Y63          FDCE (Prop_fdce_C_Q)         0.456    -2.414 r  task2_inst/syncA_ff_reg[2]/Q
                         net (fo=2, routed)           0.699    -1.715    task2_inst/syncA_ff[2]
    SLICE_X3Y63          LUT2 (Prop_lut2_I0_O)        0.124    -1.591 r  task2_inst/dataA_hold_ff[7]_i_1/O
                         net (fo=8, routed)           0.332    -1.259    task2_inst/reqA_pulse
    SLICE_X0Y62          FDCE                                         r  task2_inst/dataA_hold_ff_reg[5]/CE
  -------------------------------------------------------------------    -------------------

                         (clock clk_out1_clk_wiz_0 rise edge)
                                                     35.714    35.714 r  
    N15                                               0.000    35.714 r  clk_i (IN)
                         net (fo=0)                   0.000    35.714    clk_wiz_0_inst/inst/clk_in1
    N15                  IBUF (Prop_ibuf_I_O)         0.814    36.529 r  clk_wiz_0_inst/inst/clkin1_ibufg/O
                         net (fo=1, routed)           1.181    37.709    clk_wiz_0_inst/inst/clk_in1_clk_wiz_0
    PLLE2_ADV_X0Y1       PLLE2_ADV (Prop_plle2_adv_CLKIN1_CLKOUT0)
                                                     -7.855    29.855 r  clk_wiz_0_inst/inst/plle2_adv_inst/CLKOUT0
                         net (fo=1, routed)           1.625    31.480    clk_wiz_0_inst/inst/clk_out1_clk_wiz_0
    BUFGCTRL_X0Y1        BUFG (Prop_bufg_I_O)         0.091    31.571 r  clk_wiz_0_inst/inst/clkout1_buf/O
                         net (fo=12, routed)          1.598    33.169    task2_inst/CLK
    SLICE_X0Y62          FDCE                                         r  task2_inst/dataA_hold_ff_reg[5]/C
                         clock pessimism             -0.349    32.820    
                         clock uncertainty           -0.074    32.746    
    SLICE_X0Y62          FDCE (Setup_fdce_C_CE)      -0.205    32.541    task2_inst/dataA_hold_ff_reg[5]
  -------------------------------------------------------------------
                         required time                         32.541    
                         arrival time                           1.259    
  -------------------------------------------------------------------
                         slack                                 33.801    

Slack (MET) :             33.801ns  (required time - arrival time)
  Source:                 task2_inst/syncA_ff_reg[2]/C
                            (rising edge-triggered cell FDCE clocked by clk_out1_clk_wiz_0  {rise@0.000ns fall@17.857ns period=35.714ns})
  Destination:            task2_inst/dataA_hold_ff_reg[6]/CE
                            (rising edge-triggered cell FDCE clocked by clk_out1_clk_wiz_0  {rise@0.000ns fall@17.857ns period=35.714ns})
  Path Group:             clk_out1_clk_wiz_0
  Path Type:              Setup (Max at Slow Process Corner)
  Requirement:            35.714ns  (clk_out1_clk_wiz_0 rise@35.714ns - clk_out1_clk_wiz_0 rise@0.000ns)
  Data Path Delay:        1.611ns  (logic 0.580ns (36.005%)  route 1.031ns (63.995%))
  Logic Levels:           1  (LUT2=1)
  Clock Path Skew:        -0.024ns (DCD - SCD + CPR)
    Destination Clock Delay (DCD):    -2.545ns = ( 33.169 - 35.714 ) 
    Source Clock Delay      (SCD):    -2.870ns
    Clock Pessimism Removal (CPR):    -0.349ns
  Clock Uncertainty:      0.074ns  ((TSJ^2 + DJ^2)^1/2) / 2 + PE
    Total System Jitter     (TSJ):    0.071ns
    Discrete Jitter          (DJ):    0.129ns
    Phase Error              (PE):    0.000ns

    Location             Delay type                Incr(ns)  Path(ns)    Netlist Resource(s)
  -------------------------------------------------------------------    -------------------
                         (clock clk_out1_clk_wiz_0 rise edge)
                                                      0.000     0.000 r  
    N15                                               0.000     0.000 r  clk_i (IN)
                         net (fo=0)                   0.000     0.000    clk_wiz_0_inst/inst/clk_in1
    N15                  IBUF (Prop_ibuf_I_O)         0.948     0.948 r  clk_wiz_0_inst/inst/clkin1_ibufg/O
                         net (fo=1, routed)           1.253     2.201    clk_wiz_0_inst/inst/clk_in1_clk_wiz_0
    PLLE2_ADV_X0Y1       PLLE2_ADV (Prop_plle2_adv_CLKIN1_CLKOUT0)
                                                     -8.590    -6.389 r  clk_wiz_0_inst/inst/plle2_adv_inst/CLKOUT0
                         net (fo=1, routed)           1.704    -4.685    clk_wiz_0_inst/inst/clk_out1_clk_wiz_0
    BUFGCTRL_X0Y1        BUFG (Prop_bufg_I_O)         0.096    -4.589 r  clk_wiz_0_inst/inst/clkout1_buf/O
                         net (fo=12, routed)          1.718    -2.870    task2_inst/CLK
    SLICE_X3Y63          FDCE                                         r  task2_inst/syncA_ff_reg[2]/C
  -------------------------------------------------------------------    -------------------
    SLICE_X3Y63          FDCE (Prop_fdce_C_Q)         0.456    -2.414 r  task2_inst/syncA_ff_reg[2]/Q
                         net (fo=2, routed)           0.699    -1.715    task2_inst/syncA_ff[2]
    SLICE_X3Y63          LUT2 (Prop_lut2_I0_O)        0.124    -1.591 r  task2_inst/dataA_hold_ff[7]_i_1/O
                         net (fo=8, routed)           0.332    -1.259    task2_inst/reqA_pulse
    SLICE_X0Y62          FDCE                                         r  task2_inst/dataA_hold_ff_reg[6]/CE
  -------------------------------------------------------------------    -------------------

                         (clock clk_out1_clk_wiz_0 rise edge)
                                                     35.714    35.714 r  
    N15                                               0.000    35.714 r  clk_i (IN)
                         net (fo=0)                   0.000    35.714    clk_wiz_0_inst/inst/clk_in1
    N15                  IBUF (Prop_ibuf_I_O)         0.814    36.529 r  clk_wiz_0_inst/inst/clkin1_ibufg/O
                         net (fo=1, routed)           1.181    37.709    clk_wiz_0_inst/inst/clk_in1_clk_wiz_0
    PLLE2_ADV_X0Y1       PLLE2_ADV (Prop_plle2_adv_CLKIN1_CLKOUT0)
                                                     -7.855    29.855 r  clk_wiz_0_inst/inst/plle2_adv_inst/CLKOUT0
                         net (fo=1, routed)           1.625    31.480    clk_wiz_0_inst/inst/clk_out1_clk_wiz_0
    BUFGCTRL_X0Y1        BUFG (Prop_bufg_I_O)         0.091    31.571 r  clk_wiz_0_inst/inst/clkout1_buf/O
                         net (fo=12, routed)          1.598    33.169    task2_inst/CLK
    SLICE_X0Y62          FDCE                                         r  task2_inst/dataA_hold_ff_reg[6]/C
                         clock pessimism             -0.349    32.820    
                         clock uncertainty           -0.074    32.746    
    SLICE_X0Y62          FDCE (Setup_fdce_C_CE)      -0.205    32.541    task2_inst/dataA_hold_ff_reg[6]
  -------------------------------------------------------------------
                         required time                         32.541    
                         arrival time                           1.259    
  -------------------------------------------------------------------
                         slack                                 33.801    

Slack (MET) :             33.801ns  (required time - arrival time)
  Source:                 task2_inst/syncA_ff_reg[2]/C
                            (rising edge-triggered cell FDCE clocked by clk_out1_clk_wiz_0  {rise@0.000ns fall@17.857ns period=35.714ns})
  Destination:            task2_inst/dataA_hold_ff_reg[7]/CE
                            (rising edge-triggered cell FDCE clocked by clk_out1_clk_wiz_0  {rise@0.000ns fall@17.857ns period=35.714ns})
  Path Group:             clk_out1_clk_wiz_0
  Path Type:              Setup (Max at Slow Process Corner)
  Requirement:            35.714ns  (clk_out1_clk_wiz_0 rise@35.714ns - clk_out1_clk_wiz_0 rise@0.000ns)
  Data Path Delay:        1.611ns  (logic 0.580ns (36.005%)  route 1.031ns (63.995%))
  Logic Levels:           1  (LUT2=1)
  Clock Path Skew:        -0.024ns (DCD - SCD + CPR)
    Destination Clock Delay (DCD):    -2.545ns = ( 33.169 - 35.714 ) 
    Source Clock Delay      (SCD):    -2.870ns
    Clock Pessimism Removal (CPR):    -0.349ns
  Clock Uncertainty:      0.074ns  ((TSJ^2 + DJ^2)^1/2) / 2 + PE
    Total System Jitter     (TSJ):    0.071ns
    Discrete Jitter          (DJ):    0.129ns
    Phase Error              (PE):    0.000ns

    Location             Delay type                Incr(ns)  Path(ns)    Netlist Resource(s)
  -------------------------------------------------------------------    -------------------
                         (clock clk_out1_clk_wiz_0 rise edge)
                                                      0.000     0.000 r  
    N15                                               0.000     0.000 r  clk_i (IN)
                         net (fo=0)                   0.000     0.000    clk_wiz_0_inst/inst/clk_in1
    N15                  IBUF (Prop_ibuf_I_O)         0.948     0.948 r  clk_wiz_0_inst/inst/clkin1_ibufg/O
                         net (fo=1, routed)           1.253     2.201    clk_wiz_0_inst/inst/clk_in1_clk_wiz_0
    PLLE2_ADV_X0Y1       PLLE2_ADV (Prop_plle2_adv_CLKIN1_CLKOUT0)
                                                     -8.590    -6.389 r  clk_wiz_0_inst/inst/plle2_adv_inst/CLKOUT0
                         net (fo=1, routed)           1.704    -4.685    clk_wiz_0_inst/inst/clk_out1_clk_wiz_0
    BUFGCTRL_X0Y1        BUFG (Prop_bufg_I_O)         0.096    -4.589 r  clk_wiz_0_inst/inst/clkout1_buf/O
                         net (fo=12, routed)          1.718    -2.870    task2_inst/CLK
    SLICE_X3Y63          FDCE                                         r  task2_inst/syncA_ff_reg[2]/C
  -------------------------------------------------------------------    -------------------
    SLICE_X3Y63          FDCE (Prop_fdce_C_Q)         0.456    -2.414 r  task2_inst/syncA_ff_reg[2]/Q
                         net (fo=2, routed)           0.699    -1.715    task2_inst/syncA_ff[2]
    SLICE_X3Y63          LUT2 (Prop_lut2_I0_O)        0.124    -1.591 r  task2_inst/dataA_hold_ff[7]_i_1/O
                         net (fo=8, routed)           0.332    -1.259    task2_inst/reqA_pulse
    SLICE_X0Y62          FDCE                                         r  task2_inst/dataA_hold_ff_reg[7]/CE
  -------------------------------------------------------------------    -------------------

                         (clock clk_out1_clk_wiz_0 rise edge)
                                                     35.714    35.714 r  
    N15                                               0.000    35.714 r  clk_i (IN)
                         net (fo=0)                   0.000    35.714    clk_wiz_0_inst/inst/clk_in1
    N15                  IBUF (Prop_ibuf_I_O)         0.814    36.529 r  clk_wiz_0_inst/inst/clkin1_ibufg/O
                         net (fo=1, routed)           1.181    37.709    clk_wiz_0_inst/inst/clk_in1_clk_wiz_0
    PLLE2_ADV_X0Y1       PLLE2_ADV (Prop_plle2_adv_CLKIN1_CLKOUT0)
                                                     -7.855    29.855 r  clk_wiz_0_inst/inst/plle2_adv_inst/CLKOUT0
                         net (fo=1, routed)           1.625    31.480    clk_wiz_0_inst/inst/clk_out1_clk_wiz_0
    BUFGCTRL_X0Y1        BUFG (Prop_bufg_I_O)         0.091    31.571 r  clk_wiz_0_inst/inst/clkout1_buf/O
                         net (fo=12, routed)          1.598    33.169    task2_inst/CLK
    SLICE_X0Y62          FDCE                                         r  task2_inst/dataA_hold_ff_reg[7]/C
                         clock pessimism             -0.349    32.820    
                         clock uncertainty           -0.074    32.746    
    SLICE_X0Y62          FDCE (Setup_fdce_C_CE)      -0.205    32.541    task2_inst/dataA_hold_ff_reg[7]
  -------------------------------------------------------------------
                         required time                         32.541    
                         arrival time                           1.259    
  -------------------------------------------------------------------
                         slack                                 33.801    

Slack (MET) :             34.347ns  (required time - arrival time)
  Source:                 task2_inst/syncA_ff_reg[0]/C
                            (rising edge-triggered cell FDCE clocked by clk_out1_clk_wiz_0  {rise@0.000ns fall@17.857ns period=35.714ns})
  Destination:            task2_inst/syncA_ff_reg[1]/D
                            (rising edge-triggered cell FDCE clocked by clk_out1_clk_wiz_0  {rise@0.000ns fall@17.857ns period=35.714ns})
  Path Group:             clk_out1_clk_wiz_0
  Path Type:              Setup (Max at Slow Process Corner)
  Requirement:            35.714ns  (clk_out1_clk_wiz_0 rise@35.714ns - clk_out1_clk_wiz_0 rise@0.000ns)
  Data Path Delay:        1.038ns  (logic 0.419ns (40.380%)  route 0.619ns (59.620%))
  Logic Levels:           0  
  Clock Path Skew:        0.000ns (DCD - SCD + CPR)
    Destination Clock Delay (DCD):    -2.546ns = ( 33.168 - 35.714 ) 
    Source Clock Delay      (SCD):    -2.870ns
    Clock Pessimism Removal (CPR):    -0.324ns
  Clock Uncertainty:      0.074ns  ((TSJ^2 + DJ^2)^1/2) / 2 + PE
    Total System Jitter     (TSJ):    0.071ns
    Discrete Jitter          (DJ):    0.129ns
    Phase Error              (PE):    0.000ns

    Location             Delay type                Incr(ns)  Path(ns)    Netlist Resource(s)
  -------------------------------------------------------------------    -------------------
                         (clock clk_out1_clk_wiz_0 rise edge)
                                                      0.000     0.000 r  
    N15                                               0.000     0.000 r  clk_i (IN)
                         net (fo=0)                   0.000     0.000    clk_wiz_0_inst/inst/clk_in1
    N15                  IBUF (Prop_ibuf_I_O)         0.948     0.948 r  clk_wiz_0_inst/inst/clkin1_ibufg/O
                         net (fo=1, routed)           1.253     2.201    clk_wiz_0_inst/inst/clk_in1_clk_wiz_0
    PLLE2_ADV_X0Y1       PLLE2_ADV (Prop_plle2_adv_CLKIN1_CLKOUT0)
                                                     -8.590    -6.389 r  clk_wiz_0_inst/inst/plle2_adv_inst/CLKOUT0
                         net (fo=1, routed)           1.704    -4.685    clk_wiz_0_inst/inst/clk_out1_clk_wiz_0
    BUFGCTRL_X0Y1        BUFG (Prop_bufg_I_O)         0.096    -4.589 r  clk_wiz_0_inst/inst/clkout1_buf/O
                         net (fo=12, routed)          1.718    -2.870    task2_inst/CLK
    SLICE_X3Y63          FDCE                                         r  task2_inst/syncA_ff_reg[0]/C
  -------------------------------------------------------------------    -------------------
    SLICE_X3Y63          FDCE (Prop_fdce_C_Q)         0.419    -2.451 r  task2_inst/syncA_ff_reg[0]/Q
                         net (fo=1, routed)           0.619    -1.833    task2_inst/syncA_ff[0]
    SLICE_X3Y63          FDCE                                         r  task2_inst/syncA_ff_reg[1]/D
  -------------------------------------------------------------------    -------------------

                         (clock clk_out1_clk_wiz_0 rise edge)
                                                     35.714    35.714 r  
    N15                                               0.000    35.714 r  clk_i (IN)
                         net (fo=0)                   0.000    35.714    clk_wiz_0_inst/inst/clk_in1
    N15                  IBUF (Prop_ibuf_I_O)         0.814    36.529 r  clk_wiz_0_inst/inst/clkin1_ibufg/O
                         net (fo=1, routed)           1.181    37.709    clk_wiz_0_inst/inst/clk_in1_clk_wiz_0
    PLLE2_ADV_X0Y1       PLLE2_ADV (Prop_plle2_adv_CLKIN1_CLKOUT0)
                                                     -7.855    29.855 r  clk_wiz_0_inst/inst/plle2_adv_inst/CLKOUT0
                         net (fo=1, routed)           1.625    31.480    clk_wiz_0_inst/inst/clk_out1_clk_wiz_0
    BUFGCTRL_X0Y1        BUFG (Prop_bufg_I_O)         0.091    31.571 r  clk_wiz_0_inst/inst/clkout1_buf/O
                         net (fo=12, routed)          1.597    33.168    task2_inst/CLK
    SLICE_X3Y63          FDCE                                         r  task2_inst/syncA_ff_reg[1]/C
                         clock pessimism             -0.324    32.844    
                         clock uncertainty           -0.074    32.770    
    SLICE_X3Y63          FDCE (Setup_fdce_C_D)       -0.256    32.514    task2_inst/syncA_ff_reg[1]
  -------------------------------------------------------------------
                         required time                         32.514    
                         arrival time                           1.833    
  -------------------------------------------------------------------
                         slack                                 34.347    

Slack (MET) :             34.410ns  (required time - arrival time)
  Source:                 task2_inst/syncA_ff_reg[1]/C
                            (rising edge-triggered cell FDCE clocked by clk_out1_clk_wiz_0  {rise@0.000ns fall@17.857ns period=35.714ns})
  Destination:            task2_inst/toggleA_ff_reg/D
                            (rising edge-triggered cell FDCE clocked by clk_out1_clk_wiz_0  {rise@0.000ns fall@17.857ns period=35.714ns})
  Path Group:             clk_out1_clk_wiz_0
  Path Type:              Setup (Max at Slow Process Corner)
  Requirement:            35.714ns  (clk_out1_clk_wiz_0 rise@35.714ns - clk_out1_clk_wiz_0 rise@0.000ns)
  Data Path Delay:        1.259ns  (logic 0.580ns (46.056%)  route 0.679ns (53.944%))
  Logic Levels:           1  (LUT3=1)
  Clock Path Skew:        0.000ns (DCD - SCD + CPR)
    Destination Clock Delay (DCD):    -2.546ns = ( 33.168 - 35.714 ) 
    Source Clock Delay      (SCD):    -2.870ns
    Clock Pessimism Removal (CPR):    -0.324ns
  Clock Uncertainty:      0.074ns  ((TSJ^2 + DJ^2)^1/2) / 2 + PE
    Total System Jitter     (TSJ):    0.071ns
    Discrete Jitter          (DJ):    0.129ns
    Phase Error              (PE):    0.000ns

    Location             Delay type                Incr(ns)  Path(ns)    Netlist Resource(s)
  -------------------------------------------------------------------    -------------------
                         (clock clk_out1_clk_wiz_0 rise edge)
                                                      0.000     0.000 r  
    N15                                               0.000     0.000 r  clk_i (IN)
                         net (fo=0)                   0.000     0.000    clk_wiz_0_inst/inst/clk_in1
    N15                  IBUF (Prop_ibuf_I_O)         0.948     0.948 r  clk_wiz_0_inst/inst/clkin1_ibufg/O
                         net (fo=1, routed)           1.253     2.201    clk_wiz_0_inst/inst/clk_in1_clk_wiz_0
    PLLE2_ADV_X0Y1       PLLE2_ADV (Prop_plle2_adv_CLKIN1_CLKOUT0)
                                                     -8.590    -6.389 r  clk_wiz_0_inst/inst/plle2_adv_inst/CLKOUT0
                         net (fo=1, routed)           1.704    -4.685    clk_wiz_0_inst/inst/clk_out1_clk_wiz_0
    BUFGCTRL_X0Y1        BUFG (Prop_bufg_I_O)         0.096    -4.589 r  clk_wiz_0_inst/inst/clkout1_buf/O
                         net (fo=12, routed)          1.718    -2.870    task2_inst/CLK
    SLICE_X3Y63          FDCE                                         r  task2_inst/syncA_ff_reg[1]/C
  -------------------------------------------------------------------    -------------------
    SLICE_X3Y63          FDCE (Prop_fdce_C_Q)         0.456    -2.414 r  task2_inst/syncA_ff_reg[1]/Q
                         net (fo=3, routed)           0.679    -1.735    task2_inst/syncA_ff[1]
    SLICE_X3Y63          LUT3 (Prop_lut3_I0_O)        0.124    -1.611 r  task2_inst/toggleA_ff_i_1/O
                         net (fo=1, routed)           0.000    -1.611    task2_inst/toggleA_ff_i_1_n_0
    SLICE_X3Y63          FDCE                                         r  task2_inst/toggleA_ff_reg/D
  -------------------------------------------------------------------    -------------------

                         (clock clk_out1_clk_wiz_0 rise edge)
                                                     35.714    35.714 r  
    N15                                               0.000    35.714 r  clk_i (IN)
                         net (fo=0)                   0.000    35.714    clk_wiz_0_inst/inst/clk_in1
    N15                  IBUF (Prop_ibuf_I_O)         0.814    36.529 r  clk_wiz_0_inst/inst/clkin1_ibufg/O
                         net (fo=1, routed)           1.181    37.709    clk_wiz_0_inst/inst/clk_in1_clk_wiz_0
    PLLE2_ADV_X0Y1       PLLE2_ADV (Prop_plle2_adv_CLKIN1_CLKOUT0)
                                                     -7.855    29.855 r  clk_wiz_0_inst/inst/plle2_adv_inst/CLKOUT0
                         net (fo=1, routed)           1.625    31.480    clk_wiz_0_inst/inst/clk_out1_clk_wiz_0
    BUFGCTRL_X0Y1        BUFG (Prop_bufg_I_O)         0.091    31.571 r  clk_wiz_0_inst/inst/clkout1_buf/O
                         net (fo=12, routed)          1.597    33.168    task2_inst/CLK
    SLICE_X3Y63          FDCE                                         r  task2_inst/toggleA_ff_reg/C
                         clock pessimism             -0.324    32.844    
                         clock uncertainty           -0.074    32.770    
    SLICE_X3Y63          FDCE (Setup_fdce_C_D)        0.029    32.799    task2_inst/toggleA_ff_reg
  -------------------------------------------------------------------
                         required time                         32.799    
                         arrival time                           1.611    
  -------------------------------------------------------------------
                         slack                                 34.410    





Min Delay Paths
--------------------------------------------------------------------------------------
Slack (MET) :             0.263ns  (arrival time - required time)
  Source:                 task2_inst/syncA_ff_reg[1]/C
                            (rising edge-triggered cell FDCE clocked by clk_out1_clk_wiz_0  {rise@0.000ns fall@17.857ns period=35.714ns})
  Destination:            task2_inst/syncA_ff_reg[2]/D
                            (rising edge-triggered cell FDCE clocked by clk_out1_clk_wiz_0  {rise@0.000ns fall@17.857ns period=35.714ns})
  Path Group:             clk_out1_clk_wiz_0
  Path Type:              Hold (Min at Fast Process Corner)
  Requirement:            0.000ns  (clk_out1_clk_wiz_0 rise@0.000ns - clk_out1_clk_wiz_0 rise@0.000ns)
  Data Path Delay:        0.333ns  (logic 0.141ns (42.281%)  route 0.192ns (57.719%))
  Logic Levels:           0  
  Clock Path Skew:        0.000ns (DCD - SCD - CPR)
    Destination Clock Delay (DCD):    -0.357ns
    Source Clock Delay      (SCD):    -0.588ns
    Clock Pessimism Removal (CPR):    0.232ns

    Location             Delay type                Incr(ns)  Path(ns)    Netlist Resource(s)
  -------------------------------------------------------------------    -------------------
                         (clock clk_out1_clk_wiz_0 rise edge)
                                                      0.000     0.000 r  
    N15                                               0.000     0.000 r  clk_i (IN)
                         net (fo=0)                   0.000     0.000    clk_wiz_0_inst/inst/clk_in1
    N15                  IBUF (Prop_ibuf_I_O)         0.177     0.177 r  clk_wiz_0_inst/inst/clkin1_ibufg/O
                         net (fo=1, routed)           0.440     0.617    clk_wiz_0_inst/inst/clk_in1_clk_wiz_0
    PLLE2_ADV_X0Y1       PLLE2_ADV (Prop_plle2_adv_CLKIN1_CLKOUT0)
                                                     -2.339    -1.722 r  clk_wiz_0_inst/inst/plle2_adv_inst/CLKOUT0
                         net (fo=1, routed)           0.510    -1.212    clk_wiz_0_inst/inst/clk_out1_clk_wiz_0
    BUFGCTRL_X0Y1        BUFG (Prop_bufg_I_O)         0.026    -1.186 r  clk_wiz_0_inst/inst/clkout1_buf/O
                         net (fo=12, routed)          0.598    -0.588    task2_inst/CLK
    SLICE_X3Y63          FDCE                                         r  task2_inst/syncA_ff_reg[1]/C
  -------------------------------------------------------------------    -------------------
    SLICE_X3Y63          FDCE (Prop_fdce_C_Q)         0.141    -0.447 r  task2_inst/syncA_ff_reg[1]/Q
                         net (fo=3, routed)           0.192    -0.255    task2_inst/syncA_ff[1]
    SLICE_X3Y63          FDCE                                         r  task2_inst/syncA_ff_reg[2]/D
  -------------------------------------------------------------------    -------------------

                         (clock clk_out1_clk_wiz_0 rise edge)
                                                      0.000     0.000 r  
    N15                                               0.000     0.000 r  clk_i (IN)
                         net (fo=0)                   0.000     0.000    clk_wiz_0_inst/inst/clk_in1
    N15                  IBUF (Prop_ibuf_I_O)         0.365     0.365 r  clk_wiz_0_inst/inst/clkin1_ibufg/O
                         net (fo=1, routed)           0.481     0.846    clk_wiz_0_inst/inst/clk_in1_clk_wiz_0
    PLLE2_ADV_X0Y1       PLLE2_ADV (Prop_plle2_adv_CLKIN1_CLKOUT0)
                                                     -2.657    -1.811 r  clk_wiz_0_inst/inst/plle2_adv_inst/CLKOUT0
                         net (fo=1, routed)           0.556    -1.255    clk_wiz_0_inst/inst/clk_out1_clk_wiz_0
    BUFGCTRL_X0Y1        BUFG (Prop_bufg_I_O)         0.029    -1.226 r  clk_wiz_0_inst/inst/clkout1_buf/O
                         net (fo=12, routed)          0.870    -0.357    task2_inst/CLK
    SLICE_X3Y63          FDCE                                         r  task2_inst/syncA_ff_reg[2]/C
                         clock pessimism             -0.232    -0.588    
    SLICE_X3Y63          FDCE (Hold_fdce_C_D)         0.070    -0.518    task2_inst/syncA_ff_reg[2]
  -------------------------------------------------------------------
                         required time                          0.518    
                         arrival time                          -0.255    
  -------------------------------------------------------------------
                         slack                                  0.263    

Slack (MET) :             0.265ns  (arrival time - required time)
  Source:                 task2_inst/toggleA_ff_reg/C
                            (rising edge-triggered cell FDCE clocked by clk_out1_clk_wiz_0  {rise@0.000ns fall@17.857ns period=35.714ns})
  Destination:            task2_inst/toggleA_ff_reg/D
                            (rising edge-triggered cell FDCE clocked by clk_out1_clk_wiz_0  {rise@0.000ns fall@17.857ns period=35.714ns})
  Path Group:             clk_out1_clk_wiz_0
  Path Type:              Hold (Min at Fast Process Corner)
  Requirement:            0.000ns  (clk_out1_clk_wiz_0 rise@0.000ns - clk_out1_clk_wiz_0 rise@0.000ns)
  Data Path Delay:        0.356ns  (logic 0.186ns (52.178%)  route 0.170ns (47.822%))
  Logic Levels:           1  (LUT3=1)
  Clock Path Skew:        0.000ns (DCD - SCD - CPR)
    Destination Clock Delay (DCD):    -0.357ns
    Source Clock Delay      (SCD):    -0.588ns
    Clock Pessimism Removal (CPR):    0.232ns

    Location             Delay type                Incr(ns)  Path(ns)    Netlist Resource(s)
  -------------------------------------------------------------------    -------------------
                         (clock clk_out1_clk_wiz_0 rise edge)
                                                      0.000     0.000 r  
    N15                                               0.000     0.000 r  clk_i (IN)
                         net (fo=0)                   0.000     0.000    clk_wiz_0_inst/inst/clk_in1
    N15                  IBUF (Prop_ibuf_I_O)         0.177     0.177 r  clk_wiz_0_inst/inst/clkin1_ibufg/O
                         net (fo=1, routed)           0.440     0.617    clk_wiz_0_inst/inst/clk_in1_clk_wiz_0
    PLLE2_ADV_X0Y1       PLLE2_ADV (Prop_plle2_adv_CLKIN1_CLKOUT0)
                                                     -2.339    -1.722 r  clk_wiz_0_inst/inst/plle2_adv_inst/CLKOUT0
                         net (fo=1, routed)           0.510    -1.212    clk_wiz_0_inst/inst/clk_out1_clk_wiz_0
    BUFGCTRL_X0Y1        BUFG (Prop_bufg_I_O)         0.026    -1.186 r  clk_wiz_0_inst/inst/clkout1_buf/O
                         net (fo=12, routed)          0.598    -0.588    task2_inst/CLK
    SLICE_X3Y63          FDCE                                         r  task2_inst/toggleA_ff_reg/C
  -------------------------------------------------------------------    -------------------
    SLICE_X3Y63          FDCE (Prop_fdce_C_Q)         0.141    -0.447 r  task2_inst/toggleA_ff_reg/Q
                         net (fo=2, routed)           0.170    -0.277    task2_inst/toggleA_ff
    SLICE_X3Y63          LUT3 (Prop_lut3_I2_O)        0.045    -0.232 r  task2_inst/toggleA_ff_i_1/O
                         net (fo=1, routed)           0.000    -0.232    task2_inst/toggleA_ff_i_1_n_0
    SLICE_X3Y63          FDCE                                         r  task2_inst/toggleA_ff_reg/D
  -------------------------------------------------------------------    -------------------

                         (clock clk_out1_clk_wiz_0 rise edge)
                                                      0.000     0.000 r  
    N15                                               0.000     0.000 r  clk_i (IN)
                         net (fo=0)                   0.000     0.000    clk_wiz_0_inst/inst/clk_in1
    N15                  IBUF (Prop_ibuf_I_O)         0.365     0.365 r  clk_wiz_0_inst/inst/clkin1_ibufg/O
                         net (fo=1, routed)           0.481     0.846    clk_wiz_0_inst/inst/clk_in1_clk_wiz_0
    PLLE2_ADV_X0Y1       PLLE2_ADV (Prop_plle2_adv_CLKIN1_CLKOUT0)
                                                     -2.657    -1.811 r  clk_wiz_0_inst/inst/plle2_adv_inst/CLKOUT0
                         net (fo=1, routed)           0.556    -1.255    clk_wiz_0_inst/inst/clk_out1_clk_wiz_0
    BUFGCTRL_X0Y1        BUFG (Prop_bufg_I_O)         0.029    -1.226 r  clk_wiz_0_inst/inst/clkout1_buf/O
                         net (fo=12, routed)          0.870    -0.357    task2_inst/CLK
    SLICE_X3Y63          FDCE                                         r  task2_inst/toggleA_ff_reg/C
                         clock pessimism             -0.232    -0.588    
    SLICE_X3Y63          FDCE (Hold_fdce_C_D)         0.091    -0.497    task2_inst/toggleA_ff_reg
  -------------------------------------------------------------------
                         required time                          0.497    
                         arrival time                          -0.232    
  -------------------------------------------------------------------
                         slack                                  0.265    

Slack (MET) :             0.320ns  (arrival time - required time)
  Source:                 task2_inst/syncA_ff_reg[0]/C
                            (rising edge-triggered cell FDCE clocked by clk_out1_clk_wiz_0  {rise@0.000ns fall@17.857ns period=35.714ns})
  Destination:            task2_inst/syncA_ff_reg[1]/D
                            (rising edge-triggered cell FDCE clocked by clk_out1_clk_wiz_0  {rise@0.000ns fall@17.857ns period=35.714ns})
  Path Group:             clk_out1_clk_wiz_0
  Path Type:              Hold (Min at Fast Process Corner)
  Requirement:            0.000ns  (clk_out1_clk_wiz_0 rise@0.000ns - clk_out1_clk_wiz_0 rise@0.000ns)
  Data Path Delay:        0.332ns  (logic 0.128ns (38.595%)  route 0.204ns (61.405%))
  Logic Levels:           0  
  Clock Path Skew:        0.000ns (DCD - SCD - CPR)
    Destination Clock Delay (DCD):    -0.357ns
    Source Clock Delay      (SCD):    -0.588ns
    Clock Pessimism Removal (CPR):    0.232ns

    Location             Delay type                Incr(ns)  Path(ns)    Netlist Resource(s)
  -------------------------------------------------------------------    -------------------
                         (clock clk_out1_clk_wiz_0 rise edge)
                                                      0.000     0.000 r  
    N15                                               0.000     0.000 r  clk_i (IN)
                         net (fo=0)                   0.000     0.000    clk_wiz_0_inst/inst/clk_in1
    N15                  IBUF (Prop_ibuf_I_O)         0.177     0.177 r  clk_wiz_0_inst/inst/clkin1_ibufg/O
                         net (fo=1, routed)           0.440     0.617    clk_wiz_0_inst/inst/clk_in1_clk_wiz_0
    PLLE2_ADV_X0Y1       PLLE2_ADV (Prop_plle2_adv_CLKIN1_CLKOUT0)
                                                     -2.339    -1.722 r  clk_wiz_0_inst/inst/plle2_adv_inst/CLKOUT0
                         net (fo=1, routed)           0.510    -1.212    clk_wiz_0_inst/inst/clk_out1_clk_wiz_0
    BUFGCTRL_X0Y1        BUFG (Prop_bufg_I_O)         0.026    -1.186 r  clk_wiz_0_inst/inst/clkout1_buf/O
                         net (fo=12, routed)          0.598    -0.588    task2_inst/CLK
    SLICE_X3Y63          FDCE                                         r  task2_inst/syncA_ff_reg[0]/C
  -------------------------------------------------------------------    -------------------
    SLICE_X3Y63          FDCE (Prop_fdce_C_Q)         0.128    -0.460 r  task2_inst/syncA_ff_reg[0]/Q
                         net (fo=1, routed)           0.204    -0.257    task2_inst/syncA_ff[0]
    SLICE_X3Y63          FDCE                                         r  task2_inst/syncA_ff_reg[1]/D
  -------------------------------------------------------------------    -------------------

                         (clock clk_out1_clk_wiz_0 rise edge)
                                                      0.000     0.000 r  
    N15                                               0.000     0.000 r  clk_i (IN)
                         net (fo=0)                   0.000     0.000    clk_wiz_0_inst/inst/clk_in1
    N15                  IBUF (Prop_ibuf_I_O)         0.365     0.365 r  clk_wiz_0_inst/inst/clkin1_ibufg/O
                         net (fo=1, routed)           0.481     0.846    clk_wiz_0_inst/inst/clk_in1_clk_wiz_0
    PLLE2_ADV_X0Y1       PLLE2_ADV (Prop_plle2_adv_CLKIN1_CLKOUT0)
                                                     -2.657    -1.811 r  clk_wiz_0_inst/inst/plle2_adv_inst/CLKOUT0
                         net (fo=1, routed)           0.556    -1.255    clk_wiz_0_inst/inst/clk_out1_clk_wiz_0
    BUFGCTRL_X0Y1        BUFG (Prop_bufg_I_O)         0.029    -1.226 r  clk_wiz_0_inst/inst/clkout1_buf/O
                         net (fo=12, routed)          0.870    -0.357    task2_inst/CLK
    SLICE_X3Y63          FDCE                                         r  task2_inst/syncA_ff_reg[1]/C
                         clock pessimism             -0.232    -0.588    
    SLICE_X3Y63          FDCE (Hold_fdce_C_D)         0.012    -0.576    task2_inst/syncA_ff_reg[1]
  -------------------------------------------------------------------
                         required time                          0.576    
                         arrival time                          -0.257    
  -------------------------------------------------------------------
                         slack                                  0.320    

Slack (MET) :             0.538ns  (arrival time - required time)
  Source:                 task2_inst/syncA_ff_reg[2]/C
                            (rising edge-triggered cell FDCE clocked by clk_out1_clk_wiz_0  {rise@0.000ns fall@17.857ns period=35.714ns})
  Destination:            task2_inst/dataA_hold_ff_reg[0]/CE
                            (rising edge-triggered cell FDCE clocked by clk_out1_clk_wiz_0  {rise@0.000ns fall@17.857ns period=35.714ns})
  Path Group:             clk_out1_clk_wiz_0
  Path Type:              Hold (Min at Fast Process Corner)
  Requirement:            0.000ns  (clk_out1_clk_wiz_0 rise@0.000ns - clk_out1_clk_wiz_0 rise@0.000ns)
  Data Path Delay:        0.515ns  (logic 0.186ns (36.123%)  route 0.329ns (63.877%))
  Logic Levels:           1  (LUT2=1)
  Clock Path Skew:        0.016ns (DCD - SCD - CPR)
    Destination Clock Delay (DCD):    -0.356ns
    Source Clock Delay      (SCD):    -0.588ns
    Clock Pessimism Removal (CPR):    0.217ns

    Location             Delay type                Incr(ns)  Path(ns)    Netlist Resource(s)
  -------------------------------------------------------------------    -------------------
                         (clock clk_out1_clk_wiz_0 rise edge)
                                                      0.000     0.000 r  
    N15                                               0.000     0.000 r  clk_i (IN)
                         net (fo=0)                   0.000     0.000    clk_wiz_0_inst/inst/clk_in1
    N15                  IBUF (Prop_ibuf_I_O)         0.177     0.177 r  clk_wiz_0_inst/inst/clkin1_ibufg/O
                         net (fo=1, routed)           0.440     0.617    clk_wiz_0_inst/inst/clk_in1_clk_wiz_0
    PLLE2_ADV_X0Y1       PLLE2_ADV (Prop_plle2_adv_CLKIN1_CLKOUT0)
                                                     -2.339    -1.722 r  clk_wiz_0_inst/inst/plle2_adv_inst/CLKOUT0
                         net (fo=1, routed)           0.510    -1.212    clk_wiz_0_inst/inst/clk_out1_clk_wiz_0
    BUFGCTRL_X0Y1        BUFG (Prop_bufg_I_O)         0.026    -1.186 r  clk_wiz_0_inst/inst/clkout1_buf/O
                         net (fo=12, routed)          0.598    -0.588    task2_inst/CLK
    SLICE_X3Y63          FDCE                                         r  task2_inst/syncA_ff_reg[2]/C
  -------------------------------------------------------------------    -------------------
    SLICE_X3Y63          FDCE (Prop_fdce_C_Q)         0.141    -0.447 r  task2_inst/syncA_ff_reg[2]/Q
                         net (fo=2, routed)           0.230    -0.217    task2_inst/syncA_ff[2]
    SLICE_X3Y63          LUT2 (Prop_lut2_I0_O)        0.045    -0.172 r  task2_inst/dataA_hold_ff[7]_i_1/O
                         net (fo=8, routed)           0.099    -0.073    task2_inst/reqA_pulse
    SLICE_X0Y62          FDCE                                         r  task2_inst/dataA_hold_ff_reg[0]/CE
  -------------------------------------------------------------------    -------------------

                         (clock clk_out1_clk_wiz_0 rise edge)
                                                      0.000     0.000 r  
    N15                                               0.000     0.000 r  clk_i (IN)
                         net (fo=0)                   0.000     0.000    clk_wiz_0_inst/inst/clk_in1
    N15                  IBUF (Prop_ibuf_I_O)         0.365     0.365 r  clk_wiz_0_inst/inst/clkin1_ibufg/O
                         net (fo=1, routed)           0.481     0.846    clk_wiz_0_inst/inst/clk_in1_clk_wiz_0
    PLLE2_ADV_X0Y1       PLLE2_ADV (Prop_plle2_adv_CLKIN1_CLKOUT0)
                                                     -2.657    -1.811 r  clk_wiz_0_inst/inst/plle2_adv_inst/CLKOUT0
                         net (fo=1, routed)           0.556    -1.255    clk_wiz_0_inst/inst/clk_out1_clk_wiz_0
    BUFGCTRL_X0Y1        BUFG (Prop_bufg_I_O)         0.029    -1.226 r  clk_wiz_0_inst/inst/clkout1_buf/O
                         net (fo=12, routed)          0.871    -0.356    task2_inst/CLK
    SLICE_X0Y62          FDCE                                         r  task2_inst/dataA_hold_ff_reg[0]/C
                         clock pessimism             -0.217    -0.572    
    SLICE_X0Y62          FDCE (Hold_fdce_C_CE)       -0.039    -0.611    task2_inst/dataA_hold_ff_reg[0]
  -------------------------------------------------------------------
                         required time                          0.611    
                         arrival time                          -0.073    
  -------------------------------------------------------------------
                         slack                                  0.538    

Slack (MET) :             0.538ns  (arrival time - required time)
  Source:                 task2_inst/syncA_ff_reg[2]/C
                            (rising edge-triggered cell FDCE clocked by clk_out1_clk_wiz_0  {rise@0.000ns fall@17.857ns period=35.714ns})
  Destination:            task2_inst/dataA_hold_ff_reg[1]/CE
                            (rising edge-triggered cell FDCE clocked by clk_out1_clk_wiz_0  {rise@0.000ns fall@17.857ns period=35.714ns})
  Path Group:             clk_out1_clk_wiz_0
  Path Type:              Hold (Min at Fast Process Corner)
  Requirement:            0.000ns  (clk_out1_clk_wiz_0 rise@0.000ns - clk_out1_clk_wiz_0 rise@0.000ns)
  Data Path Delay:        0.515ns  (logic 0.186ns (36.123%)  route 0.329ns (63.877%))
  Logic Levels:           1  (LUT2=1)
  Clock Path Skew:        0.016ns (DCD - SCD - CPR)
    Destination Clock Delay (DCD):    -0.356ns
    Source Clock Delay      (SCD):    -0.588ns
    Clock Pessimism Removal (CPR):    0.217ns

    Location             Delay type                Incr(ns)  Path(ns)    Netlist Resource(s)
  -------------------------------------------------------------------    -------------------
                         (clock clk_out1_clk_wiz_0 rise edge)
                                                      0.000     0.000 r  
    N15                                               0.000     0.000 r  clk_i (IN)
                         net (fo=0)                   0.000     0.000    clk_wiz_0_inst/inst/clk_in1
    N15                  IBUF (Prop_ibuf_I_O)         0.177     0.177 r  clk_wiz_0_inst/inst/clkin1_ibufg/O
                         net (fo=1, routed)           0.440     0.617    clk_wiz_0_inst/inst/clk_in1_clk_wiz_0
    PLLE2_ADV_X0Y1       PLLE2_ADV (Prop_plle2_adv_CLKIN1_CLKOUT0)
                                                     -2.339    -1.722 r  clk_wiz_0_inst/inst/plle2_adv_inst/CLKOUT0
                         net (fo=1, routed)           0.510    -1.212    clk_wiz_0_inst/inst/clk_out1_clk_wiz_0
    BUFGCTRL_X0Y1        BUFG (Prop_bufg_I_O)         0.026    -1.186 r  clk_wiz_0_inst/inst/clkout1_buf/O
                         net (fo=12, routed)          0.598    -0.588    task2_inst/CLK
    SLICE_X3Y63          FDCE                                         r  task2_inst/syncA_ff_reg[2]/C
  -------------------------------------------------------------------    -------------------
    SLICE_X3Y63          FDCE (Prop_fdce_C_Q)         0.141    -0.447 r  task2_inst/syncA_ff_reg[2]/Q
                         net (fo=2, routed)           0.230    -0.217    task2_inst/syncA_ff[2]
    SLICE_X3Y63          LUT2 (Prop_lut2_I0_O)        0.045    -0.172 r  task2_inst/dataA_hold_ff[7]_i_1/O
                         net (fo=8, routed)           0.099    -0.073    task2_inst/reqA_pulse
    SLICE_X0Y62          FDCE                                         r  task2_inst/dataA_hold_ff_reg[1]/CE
  -------------------------------------------------------------------    -------------------

                         (clock clk_out1_clk_wiz_0 rise edge)
                                                      0.000     0.000 r  
    N15                                               0.000     0.000 r  clk_i (IN)
                         net (fo=0)                   0.000     0.000    clk_wiz_0_inst/inst/clk_in1
    N15                  IBUF (Prop_ibuf_I_O)         0.365     0.365 r  clk_wiz_0_inst/inst/clkin1_ibufg/O
                         net (fo=1, routed)           0.481     0.846    clk_wiz_0_inst/inst/clk_in1_clk_wiz_0
    PLLE2_ADV_X0Y1       PLLE2_ADV (Prop_plle2_adv_CLKIN1_CLKOUT0)
                                                     -2.657    -1.811 r  clk_wiz_0_inst/inst/plle2_adv_inst/CLKOUT0
                         net (fo=1, routed)           0.556    -1.255    clk_wiz_0_inst/inst/clk_out1_clk_wiz_0
    BUFGCTRL_X0Y1        BUFG (Prop_bufg_I_O)         0.029    -1.226 r  clk_wiz_0_inst/inst/clkout1_buf/O
                         net (fo=12, routed)          0.871    -0.356    task2_inst/CLK
    SLICE_X0Y62          FDCE                                         r  task2_inst/dataA_hold_ff_reg[1]/C
                         clock pessimism             -0.217    -0.572    
    SLICE_X0Y62          FDCE (Hold_fdce_C_CE)       -0.039    -0.611    task2_inst/dataA_hold_ff_reg[1]
  -------------------------------------------------------------------
                         required time                          0.611    
                         arrival time                          -0.073    
  -------------------------------------------------------------------
                         slack                                  0.538    

Slack (MET) :             0.538ns  (arrival time - required time)
  Source:                 task2_inst/syncA_ff_reg[2]/C
                            (rising edge-triggered cell FDCE clocked by clk_out1_clk_wiz_0  {rise@0.000ns fall@17.857ns period=35.714ns})
  Destination:            task2_inst/dataA_hold_ff_reg[2]/CE
                            (rising edge-triggered cell FDCE clocked by clk_out1_clk_wiz_0  {rise@0.000ns fall@17.857ns period=35.714ns})
  Path Group:             clk_out1_clk_wiz_0
  Path Type:              Hold (Min at Fast Process Corner)
  Requirement:            0.000ns  (clk_out1_clk_wiz_0 rise@0.000ns - clk_out1_clk_wiz_0 rise@0.000ns)
  Data Path Delay:        0.515ns  (logic 0.186ns (36.123%)  route 0.329ns (63.877%))
  Logic Levels:           1  (LUT2=1)
  Clock Path Skew:        0.016ns (DCD - SCD - CPR)
    Destination Clock Delay (DCD):    -0.356ns
    Source Clock Delay      (SCD):    -0.588ns
    Clock Pessimism Removal (CPR):    0.217ns

    Location             Delay type                Incr(ns)  Path(ns)    Netlist Resource(s)
  -------------------------------------------------------------------    -------------------
                         (clock clk_out1_clk_wiz_0 rise edge)
                                                      0.000     0.000 r  
    N15                                               0.000     0.000 r  clk_i (IN)
                         net (fo=0)                   0.000     0.000    clk_wiz_0_inst/inst/clk_in1
    N15                  IBUF (Prop_ibuf_I_O)         0.177     0.177 r  clk_wiz_0_inst/inst/clkin1_ibufg/O
                         net (fo=1, routed)           0.440     0.617    clk_wiz_0_inst/inst/clk_in1_clk_wiz_0
    PLLE2_ADV_X0Y1       PLLE2_ADV (Prop_plle2_adv_CLKIN1_CLKOUT0)
                                                     -2.339    -1.722 r  clk_wiz_0_inst/inst/plle2_adv_inst/CLKOUT0
                         net (fo=1, routed)           0.510    -1.212    clk_wiz_0_inst/inst/clk_out1_clk_wiz_0
    BUFGCTRL_X0Y1        BUFG (Prop_bufg_I_O)         0.026    -1.186 r  clk_wiz_0_inst/inst/clkout1_buf/O
                         net (fo=12, routed)          0.598    -0.588    task2_inst/CLK
    SLICE_X3Y63          FDCE                                         r  task2_inst/syncA_ff_reg[2]/C
  -------------------------------------------------------------------    -------------------
    SLICE_X3Y63          FDCE (Prop_fdce_C_Q)         0.141    -0.447 r  task2_inst/syncA_ff_reg[2]/Q
                         net (fo=2, routed)           0.230    -0.217    task2_inst/syncA_ff[2]
    SLICE_X3Y63          LUT2 (Prop_lut2_I0_O)        0.045    -0.172 r  task2_inst/dataA_hold_ff[7]_i_1/O
                         net (fo=8, routed)           0.099    -0.073    task2_inst/reqA_pulse
    SLICE_X0Y62          FDCE                                         r  task2_inst/dataA_hold_ff_reg[2]/CE
  -------------------------------------------------------------------    -------------------

                         (clock clk_out1_clk_wiz_0 rise edge)
                                                      0.000     0.000 r  
    N15                                               0.000     0.000 r  clk_i (IN)
                         net (fo=0)                   0.000     0.000    clk_wiz_0_inst/inst/clk_in1
    N15                  IBUF (Prop_ibuf_I_O)         0.365     0.365 r  clk_wiz_0_inst/inst/clkin1_ibufg/O
                         net (fo=1, routed)           0.481     0.846    clk_wiz_0_inst/inst/clk_in1_clk_wiz_0
    PLLE2_ADV_X0Y1       PLLE2_ADV (Prop_plle2_adv_CLKIN1_CLKOUT0)
                                                     -2.657    -1.811 r  clk_wiz_0_inst/inst/plle2_adv_inst/CLKOUT0
                         net (fo=1, routed)           0.556    -1.255    clk_wiz_0_inst/inst/clk_out1_clk_wiz_0
    BUFGCTRL_X0Y1        BUFG (Prop_bufg_I_O)         0.029    -1.226 r  clk_wiz_0_inst/inst/clkout1_buf/O
                         net (fo=12, routed)          0.871    -0.356    task2_inst/CLK
    SLICE_X0Y62          FDCE                                         r  task2_inst/dataA_hold_ff_reg[2]/C
                         clock pessimism             -0.217    -0.572    
    SLICE_X0Y62          FDCE (Hold_fdce_C_CE)       -0.039    -0.611    task2_inst/dataA_hold_ff_reg[2]
  -------------------------------------------------------------------
                         required time                          0.611    
                         arrival time                          -0.073    
  -------------------------------------------------------------------
                         slack                                  0.538    

Slack (MET) :             0.538ns  (arrival time - required time)
  Source:                 task2_inst/syncA_ff_reg[2]/C
                            (rising edge-triggered cell FDCE clocked by clk_out1_clk_wiz_0  {rise@0.000ns fall@17.857ns period=35.714ns})
  Destination:            task2_inst/dataA_hold_ff_reg[3]/CE
                            (rising edge-triggered cell FDCE clocked by clk_out1_clk_wiz_0  {rise@0.000ns fall@17.857ns period=35.714ns})
  Path Group:             clk_out1_clk_wiz_0
  Path Type:              Hold (Min at Fast Process Corner)
  Requirement:            0.000ns  (clk_out1_clk_wiz_0 rise@0.000ns - clk_out1_clk_wiz_0 rise@0.000ns)
  Data Path Delay:        0.515ns  (logic 0.186ns (36.123%)  route 0.329ns (63.877%))
  Logic Levels:           1  (LUT2=1)
  Clock Path Skew:        0.016ns (DCD - SCD - CPR)
    Destination Clock Delay (DCD):    -0.356ns
    Source Clock Delay      (SCD):    -0.588ns
    Clock Pessimism Removal (CPR):    0.217ns

    Location             Delay type                Incr(ns)  Path(ns)    Netlist Resource(s)
  -------------------------------------------------------------------    -------------------
                         (clock clk_out1_clk_wiz_0 rise edge)
                                                      0.000     0.000 r  
    N15                                               0.000     0.000 r  clk_i (IN)
                         net (fo=0)                   0.000     0.000    clk_wiz_0_inst/inst/clk_in1
    N15                  IBUF (Prop_ibuf_I_O)         0.177     0.177 r  clk_wiz_0_inst/inst/clkin1_ibufg/O
                         net (fo=1, routed)           0.440     0.617    clk_wiz_0_inst/inst/clk_in1_clk_wiz_0
    PLLE2_ADV_X0Y1       PLLE2_ADV (Prop_plle2_adv_CLKIN1_CLKOUT0)
                                                     -2.339    -1.722 r  clk_wiz_0_inst/inst/plle2_adv_inst/CLKOUT0
                         net (fo=1, routed)           0.510    -1.212    clk_wiz_0_inst/inst/clk_out1_clk_wiz_0
    BUFGCTRL_X0Y1        BUFG (Prop_bufg_I_O)         0.026    -1.186 r  clk_wiz_0_inst/inst/clkout1_buf/O
                         net (fo=12, routed)          0.598    -0.588    task2_inst/CLK
    SLICE_X3Y63          FDCE                                         r  task2_inst/syncA_ff_reg[2]/C
  -------------------------------------------------------------------    -------------------
    SLICE_X3Y63          FDCE (Prop_fdce_C_Q)         0.141    -0.447 r  task2_inst/syncA_ff_reg[2]/Q
                         net (fo=2, routed)           0.230    -0.217    task2_inst/syncA_ff[2]
    SLICE_X3Y63          LUT2 (Prop_lut2_I0_O)        0.045    -0.172 r  task2_inst/dataA_hold_ff[7]_i_1/O
                         net (fo=8, routed)           0.099    -0.073    task2_inst/reqA_pulse
    SLICE_X0Y62          FDCE                                         r  task2_inst/dataA_hold_ff_reg[3]/CE
  -------------------------------------------------------------------    -------------------

                         (clock clk_out1_clk_wiz_0 rise edge)
                                                      0.000     0.000 r  
    N15                                               0.000     0.000 r  clk_i (IN)
                         net (fo=0)                   0.000     0.000    clk_wiz_0_inst/inst/clk_in1
    N15                  IBUF (Prop_ibuf_I_O)         0.365     0.365 r  clk_wiz_0_inst/inst/clkin1_ibufg/O
                         net (fo=1, routed)           0.481     0.846    clk_wiz_0_inst/inst/clk_in1_clk_wiz_0
    PLLE2_ADV_X0Y1       PLLE2_ADV (Prop_plle2_adv_CLKIN1_CLKOUT0)
                                                     -2.657    -1.811 r  clk_wiz_0_inst/inst/plle2_adv_inst/CLKOUT0
                         net (fo=1, routed)           0.556    -1.255    clk_wiz_0_inst/inst/clk_out1_clk_wiz_0
    BUFGCTRL_X0Y1        BUFG (Prop_bufg_I_O)         0.029    -1.226 r  clk_wiz_0_inst/inst/clkout1_buf/O
                         net (fo=12, routed)          0.871    -0.356    task2_inst/CLK
    SLICE_X0Y62          FDCE                                         r  task2_inst/dataA_hold_ff_reg[3]/C
                         clock pessimism             -0.217    -0.572    
    SLICE_X0Y62          FDCE (Hold_fdce_C_CE)       -0.039    -0.611    task2_inst/dataA_hold_ff_reg[3]
  -------------------------------------------------------------------
                         required time                          0.611    
                         arrival time                          -0.073    
  -------------------------------------------------------------------
                         slack                                  0.538    

Slack (MET) :             0.538ns  (arrival time - required time)
  Source:                 task2_inst/syncA_ff_reg[2]/C
                            (rising edge-triggered cell FDCE clocked by clk_out1_clk_wiz_0  {rise@0.000ns fall@17.857ns period=35.714ns})
  Destination:            task2_inst/dataA_hold_ff_reg[4]/CE
                            (rising edge-triggered cell FDCE clocked by clk_out1_clk_wiz_0  {rise@0.000ns fall@17.857ns period=35.714ns})
  Path Group:             clk_out1_clk_wiz_0
  Path Type:              Hold (Min at Fast Process Corner)
  Requirement:            0.000ns  (clk_out1_clk_wiz_0 rise@0.000ns - clk_out1_clk_wiz_0 rise@0.000ns)
  Data Path Delay:        0.515ns  (logic 0.186ns (36.123%)  route 0.329ns (63.877%))
  Logic Levels:           1  (LUT2=1)
  Clock Path Skew:        0.016ns (DCD - SCD - CPR)
    Destination Clock Delay (DCD):    -0.356ns
    Source Clock Delay      (SCD):    -0.588ns
    Clock Pessimism Removal (CPR):    0.217ns

    Location             Delay type                Incr(ns)  Path(ns)    Netlist Resource(s)
  -------------------------------------------------------------------    -------------------
                         (clock clk_out1_clk_wiz_0 rise edge)
                                                      0.000     0.000 r  
    N15                                               0.000     0.000 r  clk_i (IN)
                         net (fo=0)                   0.000     0.000    clk_wiz_0_inst/inst/clk_in1
    N15                  IBUF (Prop_ibuf_I_O)         0.177     0.177 r  clk_wiz_0_inst/inst/clkin1_ibufg/O
                         net (fo=1, routed)           0.440     0.617    clk_wiz_0_inst/inst/clk_in1_clk_wiz_0
    PLLE2_ADV_X0Y1       PLLE2_ADV (Prop_plle2_adv_CLKIN1_CLKOUT0)
                                                     -2.339    -1.722 r  clk_wiz_0_inst/inst/plle2_adv_inst/CLKOUT0
                         net (fo=1, routed)           0.510    -1.212    clk_wiz_0_inst/inst/clk_out1_clk_wiz_0
    BUFGCTRL_X0Y1        BUFG (Prop_bufg_I_O)         0.026    -1.186 r  clk_wiz_0_inst/inst/clkout1_buf/O
                         net (fo=12, routed)          0.598    -0.588    task2_inst/CLK
    SLICE_X3Y63          FDCE                                         r  task2_inst/syncA_ff_reg[2]/C
  -------------------------------------------------------------------    -------------------
    SLICE_X3Y63          FDCE (Prop_fdce_C_Q)         0.141    -0.447 r  task2_inst/syncA_ff_reg[2]/Q
                         net (fo=2, routed)           0.230    -0.217    task2_inst/syncA_ff[2]
    SLICE_X3Y63          LUT2 (Prop_lut2_I0_O)        0.045    -0.172 r  task2_inst/dataA_hold_ff[7]_i_1/O
                         net (fo=8, routed)           0.099    -0.073    task2_inst/reqA_pulse
    SLICE_X0Y62          FDCE                                         r  task2_inst/dataA_hold_ff_reg[4]/CE
  -------------------------------------------------------------------    -------------------

                         (clock clk_out1_clk_wiz_0 rise edge)
                                                      0.000     0.000 r  
    N15                                               0.000     0.000 r  clk_i (IN)
                         net (fo=0)                   0.000     0.000    clk_wiz_0_inst/inst/clk_in1
    N15                  IBUF (Prop_ibuf_I_O)         0.365     0.365 r  clk_wiz_0_inst/inst/clkin1_ibufg/O
                         net (fo=1, routed)           0.481     0.846    clk_wiz_0_inst/inst/clk_in1_clk_wiz_0
    PLLE2_ADV_X0Y1       PLLE2_ADV (Prop_plle2_adv_CLKIN1_CLKOUT0)
                                                     -2.657    -1.811 r  clk_wiz_0_inst/inst/plle2_adv_inst/CLKOUT0
                         net (fo=1, routed)           0.556    -1.255    clk_wiz_0_inst/inst/clk_out1_clk_wiz_0
    BUFGCTRL_X0Y1        BUFG (Prop_bufg_I_O)         0.029    -1.226 r  clk_wiz_0_inst/inst/clkout1_buf/O
                         net (fo=12, routed)          0.871    -0.356    task2_inst/CLK
    SLICE_X0Y62          FDCE                                         r  task2_inst/dataA_hold_ff_reg[4]/C
                         clock pessimism             -0.217    -0.572    
    SLICE_X0Y62          FDCE (Hold_fdce_C_CE)       -0.039    -0.611    task2_inst/dataA_hold_ff_reg[4]
  -------------------------------------------------------------------
                         required time                          0.611    
                         arrival time                          -0.073    
  -------------------------------------------------------------------
                         slack                                  0.538    

Slack (MET) :             0.538ns  (arrival time - required time)
  Source:                 task2_inst/syncA_ff_reg[2]/C
                            (rising edge-triggered cell FDCE clocked by clk_out1_clk_wiz_0  {rise@0.000ns fall@17.857ns period=35.714ns})
  Destination:            task2_inst/dataA_hold_ff_reg[5]/CE
                            (rising edge-triggered cell FDCE clocked by clk_out1_clk_wiz_0  {rise@0.000ns fall@17.857ns period=35.714ns})
  Path Group:             clk_out1_clk_wiz_0
  Path Type:              Hold (Min at Fast Process Corner)
  Requirement:            0.000ns  (clk_out1_clk_wiz_0 rise@0.000ns - clk_out1_clk_wiz_0 rise@0.000ns)
  Data Path Delay:        0.515ns  (logic 0.186ns (36.123%)  route 0.329ns (63.877%))
  Logic Levels:           1  (LUT2=1)
  Clock Path Skew:        0.016ns (DCD - SCD - CPR)
    Destination Clock Delay (DCD):    -0.356ns
    Source Clock Delay      (SCD):    -0.588ns
    Clock Pessimism Removal (CPR):    0.217ns

    Location             Delay type                Incr(ns)  Path(ns)    Netlist Resource(s)
  -------------------------------------------------------------------    -------------------
                         (clock clk_out1_clk_wiz_0 rise edge)
                                                      0.000     0.000 r  
    N15                                               0.000     0.000 r  clk_i (IN)
                         net (fo=0)                   0.000     0.000    clk_wiz_0_inst/inst/clk_in1
    N15                  IBUF (Prop_ibuf_I_O)         0.177     0.177 r  clk_wiz_0_inst/inst/clkin1_ibufg/O
                         net (fo=1, routed)           0.440     0.617    clk_wiz_0_inst/inst/clk_in1_clk_wiz_0
    PLLE2_ADV_X0Y1       PLLE2_ADV (Prop_plle2_adv_CLKIN1_CLKOUT0)
                                                     -2.339    -1.722 r  clk_wiz_0_inst/inst/plle2_adv_inst/CLKOUT0
                         net (fo=1, routed)           0.510    -1.212    clk_wiz_0_inst/inst/clk_out1_clk_wiz_0
    BUFGCTRL_X0Y1        BUFG (Prop_bufg_I_O)         0.026    -1.186 r  clk_wiz_0_inst/inst/clkout1_buf/O
                         net (fo=12, routed)          0.598    -0.588    task2_inst/CLK
    SLICE_X3Y63          FDCE                                         r  task2_inst/syncA_ff_reg[2]/C
  -------------------------------------------------------------------    -------------------
    SLICE_X3Y63          FDCE (Prop_fdce_C_Q)         0.141    -0.447 r  task2_inst/syncA_ff_reg[2]/Q
                         net (fo=2, routed)           0.230    -0.217    task2_inst/syncA_ff[2]
    SLICE_X3Y63          LUT2 (Prop_lut2_I0_O)        0.045    -0.172 r  task2_inst/dataA_hold_ff[7]_i_1/O
                         net (fo=8, routed)           0.099    -0.073    task2_inst/reqA_pulse
    SLICE_X0Y62          FDCE                                         r  task2_inst/dataA_hold_ff_reg[5]/CE
  -------------------------------------------------------------------    -------------------

                         (clock clk_out1_clk_wiz_0 rise edge)
                                                      0.000     0.000 r  
    N15                                               0.000     0.000 r  clk_i (IN)
                         net (fo=0)                   0.000     0.000    clk_wiz_0_inst/inst/clk_in1
    N15                  IBUF (Prop_ibuf_I_O)         0.365     0.365 r  clk_wiz_0_inst/inst/clkin1_ibufg/O
                         net (fo=1, routed)           0.481     0.846    clk_wiz_0_inst/inst/clk_in1_clk_wiz_0
    PLLE2_ADV_X0Y1       PLLE2_ADV (Prop_plle2_adv_CLKIN1_CLKOUT0)
                                                     -2.657    -1.811 r  clk_wiz_0_inst/inst/plle2_adv_inst/CLKOUT0
                         net (fo=1, routed)           0.556    -1.255    clk_wiz_0_inst/inst/clk_out1_clk_wiz_0
    BUFGCTRL_X0Y1        BUFG (Prop_bufg_I_O)         0.029    -1.226 r  clk_wiz_0_inst/inst/clkout1_buf/O
                         net (fo=12, routed)          0.871    -0.356    task2_inst/CLK
    SLICE_X0Y62          FDCE                                         r  task2_inst/dataA_hold_ff_reg[5]/C
                         clock pessimism             -0.217    -0.572    
    SLICE_X0Y62          FDCE (Hold_fdce_C_CE)       -0.039    -0.611    task2_inst/dataA_hold_ff_reg[5]
  -------------------------------------------------------------------
                         required time                          0.611    
                         arrival time                          -0.073    
  -------------------------------------------------------------------
                         slack                                  0.538    

Slack (MET) :             0.538ns  (arrival time - required time)
  Source:                 task2_inst/syncA_ff_reg[2]/C
                            (rising edge-triggered cell FDCE clocked by clk_out1_clk_wiz_0  {rise@0.000ns fall@17.857ns period=35.714ns})
  Destination:            task2_inst/dataA_hold_ff_reg[6]/CE
                            (rising edge-triggered cell FDCE clocked by clk_out1_clk_wiz_0  {rise@0.000ns fall@17.857ns period=35.714ns})
  Path Group:             clk_out1_clk_wiz_0
  Path Type:              Hold (Min at Fast Process Corner)
  Requirement:            0.000ns  (clk_out1_clk_wiz_0 rise@0.000ns - clk_out1_clk_wiz_0 rise@0.000ns)
  Data Path Delay:        0.515ns  (logic 0.186ns (36.123%)  route 0.329ns (63.877%))
  Logic Levels:           1  (LUT2=1)
  Clock Path Skew:        0.016ns (DCD - SCD - CPR)
    Destination Clock Delay (DCD):    -0.356ns
    Source Clock Delay      (SCD):    -0.588ns
    Clock Pessimism Removal (CPR):    0.217ns

    Location             Delay type                Incr(ns)  Path(ns)    Netlist Resource(s)
  -------------------------------------------------------------------    -------------------
                         (clock clk_out1_clk_wiz_0 rise edge)
                                                      0.000     0.000 r  
    N15                                               0.000     0.000 r  clk_i (IN)
                         net (fo=0)                   0.000     0.000    clk_wiz_0_inst/inst/clk_in1
    N15                  IBUF (Prop_ibuf_I_O)         0.177     0.177 r  clk_wiz_0_inst/inst/clkin1_ibufg/O
                         net (fo=1, routed)           0.440     0.617    clk_wiz_0_inst/inst/clk_in1_clk_wiz_0
    PLLE2_ADV_X0Y1       PLLE2_ADV (Prop_plle2_adv_CLKIN1_CLKOUT0)
                                                     -2.339    -1.722 r  clk_wiz_0_inst/inst/plle2_adv_inst/CLKOUT0
                         net (fo=1, routed)           0.510    -1.212    clk_wiz_0_inst/inst/clk_out1_clk_wiz_0
    BUFGCTRL_X0Y1        BUFG (Prop_bufg_I_O)         0.026    -1.186 r  clk_wiz_0_inst/inst/clkout1_buf/O
                         net (fo=12, routed)          0.598    -0.588    task2_inst/CLK
    SLICE_X3Y63          FDCE                                         r  task2_inst/syncA_ff_reg[2]/C
  -------------------------------------------------------------------    -------------------
    SLICE_X3Y63          FDCE (Prop_fdce_C_Q)         0.141    -0.447 r  task2_inst/syncA_ff_reg[2]/Q
                         net (fo=2, routed)           0.230    -0.217    task2_inst/syncA_ff[2]
    SLICE_X3Y63          LUT2 (Prop_lut2_I0_O)        0.045    -0.172 r  task2_inst/dataA_hold_ff[7]_i_1/O
                         net (fo=8, routed)           0.099    -0.073    task2_inst/reqA_pulse
    SLICE_X0Y62          FDCE                                         r  task2_inst/dataA_hold_ff_reg[6]/CE
  -------------------------------------------------------------------    -------------------

                         (clock clk_out1_clk_wiz_0 rise edge)
                                                      0.000     0.000 r  
    N15                                               0.000     0.000 r  clk_i (IN)
                         net (fo=0)                   0.000     0.000    clk_wiz_0_inst/inst/clk_in1
    N15                  IBUF (Prop_ibuf_I_O)         0.365     0.365 r  clk_wiz_0_inst/inst/clkin1_ibufg/O
                         net (fo=1, routed)           0.481     0.846    clk_wiz_0_inst/inst/clk_in1_clk_wiz_0
    PLLE2_ADV_X0Y1       PLLE2_ADV (Prop_plle2_adv_CLKIN1_CLKOUT0)
                                                     -2.657    -1.811 r  clk_wiz_0_inst/inst/plle2_adv_inst/CLKOUT0
                         net (fo=1, routed)           0.556    -1.255    clk_wiz_0_inst/inst/clk_out1_clk_wiz_0
    BUFGCTRL_X0Y1        BUFG (Prop_bufg_I_O)         0.029    -1.226 r  clk_wiz_0_inst/inst/clkout1_buf/O
                         net (fo=12, routed)          0.871    -0.356    task2_inst/CLK
    SLICE_X0Y62          FDCE                                         r  task2_inst/dataA_hold_ff_reg[6]/C
                         clock pessimism             -0.217    -0.572    
    SLICE_X0Y62          FDCE (Hold_fdce_C_CE)       -0.039    -0.611    task2_inst/dataA_hold_ff_reg[6]
  -------------------------------------------------------------------
                         required time                          0.611    
                         arrival time                          -0.073    
  -------------------------------------------------------------------
                         slack                                  0.538    





Pulse Width Checks
--------------------------------------------------------------------------------------
Clock Name:         clk_out1_clk_wiz_0
Waveform(ns):       { 0.000 17.857 }
Period(ns):         35.714
Sources:            { clk_wiz_0_inst/inst/plle2_adv_inst/CLKOUT0 }

Check Type        Corner  Lib Pin            Reference Pin  Required(ns)  Actual(ns)  Slack(ns)  Location        Pin
Min Period        n/a     BUFG/I             n/a            2.155         35.714      33.559     BUFGCTRL_X0Y1   clk_wiz_0_inst/inst/clkout1_buf/I
Min Period        n/a     PLLE2_ADV/CLKOUT0  n/a            1.249         35.714      34.465     PLLE2_ADV_X0Y1  clk_wiz_0_inst/inst/plle2_adv_inst/CLKOUT0
Min Period        n/a     FDCE/C             n/a            1.000         35.714      34.714     SLICE_X0Y62     task2_inst/dataA_hold_ff_reg[0]/C
Min Period        n/a     FDCE/C             n/a            1.000         35.714      34.714     SLICE_X0Y62     task2_inst/dataA_hold_ff_reg[1]/C
Min Period        n/a     FDCE/C             n/a            1.000         35.714      34.714     SLICE_X0Y62     task2_inst/dataA_hold_ff_reg[2]/C
Min Period        n/a     FDCE/C             n/a            1.000         35.714      34.714     SLICE_X0Y62     task2_inst/dataA_hold_ff_reg[3]/C
Min Period        n/a     FDCE/C             n/a            1.000         35.714      34.714     SLICE_X0Y62     task2_inst/dataA_hold_ff_reg[4]/C
Min Period        n/a     FDCE/C             n/a            1.000         35.714      34.714     SLICE_X0Y62     task2_inst/dataA_hold_ff_reg[5]/C
Min Period        n/a     FDCE/C             n/a            1.000         35.714      34.714     SLICE_X0Y62     task2_inst/dataA_hold_ff_reg[6]/C
Min Period        n/a     FDCE/C             n/a            1.000         35.714      34.714     SLICE_X0Y62     task2_inst/dataA_hold_ff_reg[7]/C
Max Period        n/a     PLLE2_ADV/CLKOUT0  n/a            160.000       35.714      124.286    PLLE2_ADV_X0Y1  clk_wiz_0_inst/inst/plle2_adv_inst/CLKOUT0
Low Pulse Width   Slow    FDCE/C             n/a            0.500         17.857      17.357     SLICE_X0Y62     task2_inst/dataA_hold_ff_reg[0]/C
Low Pulse Width   Slow    FDCE/C             n/a            0.500         17.857      17.357     SLICE_X0Y62     task2_inst/dataA_hold_ff_reg[1]/C
Low Pulse Width   Slow    FDCE/C             n/a            0.500         17.857      17.357     SLICE_X0Y62     task2_inst/dataA_hold_ff_reg[2]/C
Low Pulse Width   Slow    FDCE/C             n/a            0.500         17.857      17.357     SLICE_X0Y62     task2_inst/dataA_hold_ff_reg[3]/C
Low Pulse Width   Slow    FDCE/C             n/a            0.500         17.857      17.357     SLICE_X0Y62     task2_inst/dataA_hold_ff_reg[4]/C
Low Pulse Width   Slow    FDCE/C             n/a            0.500         17.857      17.357     SLICE_X0Y62     task2_inst/dataA_hold_ff_reg[5]/C
Low Pulse Width   Slow    FDCE/C             n/a            0.500         17.857      17.357     SLICE_X0Y62     task2_inst/dataA_hold_ff_reg[6]/C
Low Pulse Width   Slow    FDCE/C             n/a            0.500         17.857      17.357     SLICE_X0Y62     task2_inst/dataA_hold_ff_reg[7]/C
Low Pulse Width   Fast    FDCE/C             n/a            0.500         17.857      17.357     SLICE_X3Y63     task2_inst/syncA_ff_reg[0]/C
Low Pulse Width   Fast    FDCE/C             n/a            0.500         17.857      17.357     SLICE_X3Y63     task2_inst/syncA_ff_reg[1]/C
High Pulse Width  Slow    FDCE/C             n/a            0.500         17.857      17.357     SLICE_X0Y62     task2_inst/dataA_hold_ff_reg[0]/C
High Pulse Width  Fast    FDCE/C             n/a            0.500         17.857      17.357     SLICE_X0Y62     task2_inst/dataA_hold_ff_reg[0]/C
High Pulse Width  Slow    FDCE/C             n/a            0.500         17.857      17.357     SLICE_X0Y62     task2_inst/dataA_hold_ff_reg[1]/C
High Pulse Width  Fast    FDCE/C             n/a            0.500         17.857      17.357     SLICE_X0Y62     task2_inst/dataA_hold_ff_reg[1]/C
High Pulse Width  Slow    FDCE/C             n/a            0.500         17.857      17.357     SLICE_X0Y62     task2_inst/dataA_hold_ff_reg[2]/C
High Pulse Width  Fast    FDCE/C             n/a            0.500         17.857      17.357     SLICE_X0Y62     task2_inst/dataA_hold_ff_reg[2]/C
High Pulse Width  Slow    FDCE/C             n/a            0.500         17.857      17.357     SLICE_X0Y62     task2_inst/dataA_hold_ff_reg[3]/C
High Pulse Width  Fast    FDCE/C             n/a            0.500         17.857      17.357     SLICE_X0Y62     task2_inst/dataA_hold_ff_reg[3]/C
High Pulse Width  Slow    FDCE/C             n/a            0.500         17.857      17.357     SLICE_X0Y62     task2_inst/dataA_hold_ff_reg[4]/C
High Pulse Width  Fast    FDCE/C             n/a            0.500         17.857      17.357     SLICE_X0Y62     task2_inst/dataA_hold_ff_reg[4]/C



---------------------------------------------------------------------------------------------------
From Clock:  clk_out2_clk_wiz_0
  To Clock:  clk_out2_clk_wiz_0

Setup :            0  Failing Endpoints,  Worst Slack       23.472ns,  Total Violation        0.000ns
Hold  :            0  Failing Endpoints,  Worst Slack        0.262ns,  Total Violation        0.000ns
PW    :            0  Failing Endpoints,  Worst Slack       12.357ns,  Total Violation        0.000ns
---------------------------------------------------------------------------------------------------


Max Delay Paths
--------------------------------------------------------------------------------------
Slack (MET) :             23.472ns  (required time - arrival time)
  Source:                 task2_inst/syncB_ff_reg[2]/C
                            (rising edge-triggered cell FDCE clocked by clk_out2_clk_wiz_0  {rise@0.000ns fall@12.857ns period=25.714ns})
  Destination:            task2_inst/dataB_o_reg[4]/CE
                            (rising edge-triggered cell FDCE clocked by clk_out2_clk_wiz_0  {rise@0.000ns fall@12.857ns period=25.714ns})
  Path Group:             clk_out2_clk_wiz_0
  Path Type:              Setup (Max at Slow Process Corner)
  Requirement:            25.714ns  (clk_out2_clk_wiz_0 rise@25.714ns - clk_out2_clk_wiz_0 rise@0.000ns)
  Data Path Delay:        1.943ns  (logic 0.642ns (33.044%)  route 1.301ns (66.956%))
  Logic Levels:           1  (LUT2=1)
  Clock Path Skew:        -0.024ns (DCD - SCD + CPR)
    Destination Clock Delay (DCD):    -2.545ns = ( 23.169 - 25.714 ) 
    Source Clock Delay      (SCD):    -2.870ns
    Clock Pessimism Removal (CPR):    -0.349ns
  Clock Uncertainty:      0.070ns  ((TSJ^2 + DJ^2)^1/2) / 2 + PE
    Total System Jitter     (TSJ):    0.071ns
    Discrete Jitter          (DJ):    0.122ns
    Phase Error              (PE):    0.000ns

    Location             Delay type                Incr(ns)  Path(ns)    Netlist Resource(s)
  -------------------------------------------------------------------    -------------------
                         (clock clk_out2_clk_wiz_0 rise edge)
                                                      0.000     0.000 r  
    N15                                               0.000     0.000 r  clk_i (IN)
                         net (fo=0)                   0.000     0.000    clk_wiz_0_inst/inst/clk_in1
    N15                  IBUF (Prop_ibuf_I_O)         0.948     0.948 r  clk_wiz_0_inst/inst/clkin1_ibufg/O
                         net (fo=1, routed)           1.253     2.201    clk_wiz_0_inst/inst/clk_in1_clk_wiz_0
    PLLE2_ADV_X0Y1       PLLE2_ADV (Prop_plle2_adv_CLKIN1_CLKOUT1)
                                                     -8.590    -6.389 r  clk_wiz_0_inst/inst/plle2_adv_inst/CLKOUT1
                         net (fo=1, routed)           1.704    -4.685    clk_wiz_0_inst/inst/clk_out2_clk_wiz_0
    BUFGCTRL_X0Y0        BUFG (Prop_bufg_I_O)         0.096    -4.589 r  clk_wiz_0_inst/inst/clkout2_buf/O
                         net (fo=14, routed)          1.718    -2.870    task2_inst/clkB_i
    SLICE_X2Y63          FDCE                                         r  task2_inst/syncB_ff_reg[2]/C
  -------------------------------------------------------------------    -------------------
    SLICE_X2Y63          FDCE (Prop_fdce_C_Q)         0.518    -2.352 r  task2_inst/syncB_ff_reg[2]/Q
                         net (fo=3, routed)           0.804    -1.548    task2_inst/p_0_in
    SLICE_X2Y63          LUT2 (Prop_lut2_I0_O)        0.124    -1.424 r  task2_inst/dataB_o[7]_i_1/O
                         net (fo=9, routed)           0.497    -0.927    task2_inst/ackB_pulse
    SLICE_X1Y62          FDCE                                         r  task2_inst/dataB_o_reg[4]/CE
  -------------------------------------------------------------------    -------------------

                         (clock clk_out2_clk_wiz_0 rise edge)
                                                     25.714    25.714 r  
    N15                                               0.000    25.714 r  clk_i (IN)
                         net (fo=0)                   0.000    25.714    clk_wiz_0_inst/inst/clk_in1
    N15                  IBUF (Prop_ibuf_I_O)         0.814    26.529 r  clk_wiz_0_inst/inst/clkin1_ibufg/O
                         net (fo=1, routed)           1.181    27.709    clk_wiz_0_inst/inst/clk_in1_clk_wiz_0
    PLLE2_ADV_X0Y1       PLLE2_ADV (Prop_plle2_adv_CLKIN1_CLKOUT1)
                                                     -7.855    19.855 r  clk_wiz_0_inst/inst/plle2_adv_inst/CLKOUT1
                         net (fo=1, routed)           1.625    21.480    clk_wiz_0_inst/inst/clk_out2_clk_wiz_0
    BUFGCTRL_X0Y0        BUFG (Prop_bufg_I_O)         0.091    21.571 r  clk_wiz_0_inst/inst/clkout2_buf/O
                         net (fo=14, routed)          1.598    23.169    task2_inst/clkB_i
    SLICE_X1Y62          FDCE                                         r  task2_inst/dataB_o_reg[4]/C
                         clock pessimism             -0.349    22.820    
                         clock uncertainty           -0.070    22.750    
    SLICE_X1Y62          FDCE (Setup_fdce_C_CE)      -0.205    22.545    task2_inst/dataB_o_reg[4]
  -------------------------------------------------------------------
                         required time                         22.545    
                         arrival time                           0.927    
  -------------------------------------------------------------------
                         slack                                 23.472    

Slack (MET) :             23.472ns  (required time - arrival time)
  Source:                 task2_inst/syncB_ff_reg[2]/C
                            (rising edge-triggered cell FDCE clocked by clk_out2_clk_wiz_0  {rise@0.000ns fall@12.857ns period=25.714ns})
  Destination:            task2_inst/dataB_o_reg[5]/CE
                            (rising edge-triggered cell FDCE clocked by clk_out2_clk_wiz_0  {rise@0.000ns fall@12.857ns period=25.714ns})
  Path Group:             clk_out2_clk_wiz_0
  Path Type:              Setup (Max at Slow Process Corner)
  Requirement:            25.714ns  (clk_out2_clk_wiz_0 rise@25.714ns - clk_out2_clk_wiz_0 rise@0.000ns)
  Data Path Delay:        1.943ns  (logic 0.642ns (33.044%)  route 1.301ns (66.956%))
  Logic Levels:           1  (LUT2=1)
  Clock Path Skew:        -0.024ns (DCD - SCD + CPR)
    Destination Clock Delay (DCD):    -2.545ns = ( 23.169 - 25.714 ) 
    Source Clock Delay      (SCD):    -2.870ns
    Clock Pessimism Removal (CPR):    -0.349ns
  Clock Uncertainty:      0.070ns  ((TSJ^2 + DJ^2)^1/2) / 2 + PE
    Total System Jitter     (TSJ):    0.071ns
    Discrete Jitter          (DJ):    0.122ns
    Phase Error              (PE):    0.000ns

    Location             Delay type                Incr(ns)  Path(ns)    Netlist Resource(s)
  -------------------------------------------------------------------    -------------------
                         (clock clk_out2_clk_wiz_0 rise edge)
                                                      0.000     0.000 r  
    N15                                               0.000     0.000 r  clk_i (IN)
                         net (fo=0)                   0.000     0.000    clk_wiz_0_inst/inst/clk_in1
    N15                  IBUF (Prop_ibuf_I_O)         0.948     0.948 r  clk_wiz_0_inst/inst/clkin1_ibufg/O
                         net (fo=1, routed)           1.253     2.201    clk_wiz_0_inst/inst/clk_in1_clk_wiz_0
    PLLE2_ADV_X0Y1       PLLE2_ADV (Prop_plle2_adv_CLKIN1_CLKOUT1)
                                                     -8.590    -6.389 r  clk_wiz_0_inst/inst/plle2_adv_inst/CLKOUT1
                         net (fo=1, routed)           1.704    -4.685    clk_wiz_0_inst/inst/clk_out2_clk_wiz_0
    BUFGCTRL_X0Y0        BUFG (Prop_bufg_I_O)         0.096    -4.589 r  clk_wiz_0_inst/inst/clkout2_buf/O
                         net (fo=14, routed)          1.718    -2.870    task2_inst/clkB_i
    SLICE_X2Y63          FDCE                                         r  task2_inst/syncB_ff_reg[2]/C
  -------------------------------------------------------------------    -------------------
    SLICE_X2Y63          FDCE (Prop_fdce_C_Q)         0.518    -2.352 r  task2_inst/syncB_ff_reg[2]/Q
                         net (fo=3, routed)           0.804    -1.548    task2_inst/p_0_in
    SLICE_X2Y63          LUT2 (Prop_lut2_I0_O)        0.124    -1.424 r  task2_inst/dataB_o[7]_i_1/O
                         net (fo=9, routed)           0.497    -0.927    task2_inst/ackB_pulse
    SLICE_X1Y62          FDCE                                         r  task2_inst/dataB_o_reg[5]/CE
  -------------------------------------------------------------------    -------------------

                         (clock clk_out2_clk_wiz_0 rise edge)
                                                     25.714    25.714 r  
    N15                                               0.000    25.714 r  clk_i (IN)
                         net (fo=0)                   0.000    25.714    clk_wiz_0_inst/inst/clk_in1
    N15                  IBUF (Prop_ibuf_I_O)         0.814    26.529 r  clk_wiz_0_inst/inst/clkin1_ibufg/O
                         net (fo=1, routed)           1.181    27.709    clk_wiz_0_inst/inst/clk_in1_clk_wiz_0
    PLLE2_ADV_X0Y1       PLLE2_ADV (Prop_plle2_adv_CLKIN1_CLKOUT1)
                                                     -7.855    19.855 r  clk_wiz_0_inst/inst/plle2_adv_inst/CLKOUT1
                         net (fo=1, routed)           1.625    21.480    clk_wiz_0_inst/inst/clk_out2_clk_wiz_0
    BUFGCTRL_X0Y0        BUFG (Prop_bufg_I_O)         0.091    21.571 r  clk_wiz_0_inst/inst/clkout2_buf/O
                         net (fo=14, routed)          1.598    23.169    task2_inst/clkB_i
    SLICE_X1Y62          FDCE                                         r  task2_inst/dataB_o_reg[5]/C
                         clock pessimism             -0.349    22.820    
                         clock uncertainty           -0.070    22.750    
    SLICE_X1Y62          FDCE (Setup_fdce_C_CE)      -0.205    22.545    task2_inst/dataB_o_reg[5]
  -------------------------------------------------------------------
                         required time                         22.545    
                         arrival time                           0.927    
  -------------------------------------------------------------------
                         slack                                 23.472    

Slack (MET) :             23.472ns  (required time - arrival time)
  Source:                 task2_inst/syncB_ff_reg[2]/C
                            (rising edge-triggered cell FDCE clocked by clk_out2_clk_wiz_0  {rise@0.000ns fall@12.857ns period=25.714ns})
  Destination:            task2_inst/dataB_o_reg[6]/CE
                            (rising edge-triggered cell FDCE clocked by clk_out2_clk_wiz_0  {rise@0.000ns fall@12.857ns period=25.714ns})
  Path Group:             clk_out2_clk_wiz_0
  Path Type:              Setup (Max at Slow Process Corner)
  Requirement:            25.714ns  (clk_out2_clk_wiz_0 rise@25.714ns - clk_out2_clk_wiz_0 rise@0.000ns)
  Data Path Delay:        1.943ns  (logic 0.642ns (33.044%)  route 1.301ns (66.956%))
  Logic Levels:           1  (LUT2=1)
  Clock Path Skew:        -0.024ns (DCD - SCD + CPR)
    Destination Clock Delay (DCD):    -2.545ns = ( 23.169 - 25.714 ) 
    Source Clock Delay      (SCD):    -2.870ns
    Clock Pessimism Removal (CPR):    -0.349ns
  Clock Uncertainty:      0.070ns  ((TSJ^2 + DJ^2)^1/2) / 2 + PE
    Total System Jitter     (TSJ):    0.071ns
    Discrete Jitter          (DJ):    0.122ns
    Phase Error              (PE):    0.000ns

    Location             Delay type                Incr(ns)  Path(ns)    Netlist Resource(s)
  -------------------------------------------------------------------    -------------------
                         (clock clk_out2_clk_wiz_0 rise edge)
                                                      0.000     0.000 r  
    N15                                               0.000     0.000 r  clk_i (IN)
                         net (fo=0)                   0.000     0.000    clk_wiz_0_inst/inst/clk_in1
    N15                  IBUF (Prop_ibuf_I_O)         0.948     0.948 r  clk_wiz_0_inst/inst/clkin1_ibufg/O
                         net (fo=1, routed)           1.253     2.201    clk_wiz_0_inst/inst/clk_in1_clk_wiz_0
    PLLE2_ADV_X0Y1       PLLE2_ADV (Prop_plle2_adv_CLKIN1_CLKOUT1)
                                                     -8.590    -6.389 r  clk_wiz_0_inst/inst/plle2_adv_inst/CLKOUT1
                         net (fo=1, routed)           1.704    -4.685    clk_wiz_0_inst/inst/clk_out2_clk_wiz_0
    BUFGCTRL_X0Y0        BUFG (Prop_bufg_I_O)         0.096    -4.589 r  clk_wiz_0_inst/inst/clkout2_buf/O
                         net (fo=14, routed)          1.718    -2.870    task2_inst/clkB_i
    SLICE_X2Y63          FDCE                                         r  task2_inst/syncB_ff_reg[2]/C
  -------------------------------------------------------------------    -------------------
    SLICE_X2Y63          FDCE (Prop_fdce_C_Q)         0.518    -2.352 r  task2_inst/syncB_ff_reg[2]/Q
                         net (fo=3, routed)           0.804    -1.548    task2_inst/p_0_in
    SLICE_X2Y63          LUT2 (Prop_lut2_I0_O)        0.124    -1.424 r  task2_inst/dataB_o[7]_i_1/O
                         net (fo=9, routed)           0.497    -0.927    task2_inst/ackB_pulse
    SLICE_X1Y62          FDCE                                         r  task2_inst/dataB_o_reg[6]/CE
  -------------------------------------------------------------------    -------------------

                         (clock clk_out2_clk_wiz_0 rise edge)
                                                     25.714    25.714 r  
    N15                                               0.000    25.714 r  clk_i (IN)
                         net (fo=0)                   0.000    25.714    clk_wiz_0_inst/inst/clk_in1
    N15                  IBUF (Prop_ibuf_I_O)         0.814    26.529 r  clk_wiz_0_inst/inst/clkin1_ibufg/O
                         net (fo=1, routed)           1.181    27.709    clk_wiz_0_inst/inst/clk_in1_clk_wiz_0
    PLLE2_ADV_X0Y1       PLLE2_ADV (Prop_plle2_adv_CLKIN1_CLKOUT1)
                                                     -7.855    19.855 r  clk_wiz_0_inst/inst/plle2_adv_inst/CLKOUT1
                         net (fo=1, routed)           1.625    21.480    clk_wiz_0_inst/inst/clk_out2_clk_wiz_0
    BUFGCTRL_X0Y0        BUFG (Prop_bufg_I_O)         0.091    21.571 r  clk_wiz_0_inst/inst/clkout2_buf/O
                         net (fo=14, routed)          1.598    23.169    task2_inst/clkB_i
    SLICE_X1Y62          FDCE                                         r  task2_inst/dataB_o_reg[6]/C
                         clock pessimism             -0.349    22.820    
                         clock uncertainty           -0.070    22.750    
    SLICE_X1Y62          FDCE (Setup_fdce_C_CE)      -0.205    22.545    task2_inst/dataB_o_reg[6]
  -------------------------------------------------------------------
                         required time                         22.545    
                         arrival time                           0.927    
  -------------------------------------------------------------------
                         slack                                 23.472    

Slack (MET) :             23.472ns  (required time - arrival time)
  Source:                 task2_inst/syncB_ff_reg[2]/C
                            (rising edge-triggered cell FDCE clocked by clk_out2_clk_wiz_0  {rise@0.000ns fall@12.857ns period=25.714ns})
  Destination:            task2_inst/dataB_o_reg[7]/CE
                            (rising edge-triggered cell FDCE clocked by clk_out2_clk_wiz_0  {rise@0.000ns fall@12.857ns period=25.714ns})
  Path Group:             clk_out2_clk_wiz_0
  Path Type:              Setup (Max at Slow Process Corner)
  Requirement:            25.714ns  (clk_out2_clk_wiz_0 rise@25.714ns - clk_out2_clk_wiz_0 rise@0.000ns)
  Data Path Delay:        1.943ns  (logic 0.642ns (33.044%)  route 1.301ns (66.956%))
  Logic Levels:           1  (LUT2=1)
  Clock Path Skew:        -0.024ns (DCD - SCD + CPR)
    Destination Clock Delay (DCD):    -2.545ns = ( 23.169 - 25.714 ) 
    Source Clock Delay      (SCD):    -2.870ns
    Clock Pessimism Removal (CPR):    -0.349ns
  Clock Uncertainty:      0.070ns  ((TSJ^2 + DJ^2)^1/2) / 2 + PE
    Total System Jitter     (TSJ):    0.071ns
    Discrete Jitter          (DJ):    0.122ns
    Phase Error              (PE):    0.000ns

    Location             Delay type                Incr(ns)  Path(ns)    Netlist Resource(s)
  -------------------------------------------------------------------    -------------------
                         (clock clk_out2_clk_wiz_0 rise edge)
                                                      0.000     0.000 r  
    N15                                               0.000     0.000 r  clk_i (IN)
                         net (fo=0)                   0.000     0.000    clk_wiz_0_inst/inst/clk_in1
    N15                  IBUF (Prop_ibuf_I_O)         0.948     0.948 r  clk_wiz_0_inst/inst/clkin1_ibufg/O
                         net (fo=1, routed)           1.253     2.201    clk_wiz_0_inst/inst/clk_in1_clk_wiz_0
    PLLE2_ADV_X0Y1       PLLE2_ADV (Prop_plle2_adv_CLKIN1_CLKOUT1)
                                                     -8.590    -6.389 r  clk_wiz_0_inst/inst/plle2_adv_inst/CLKOUT1
                         net (fo=1, routed)           1.704    -4.685    clk_wiz_0_inst/inst/clk_out2_clk_wiz_0
    BUFGCTRL_X0Y0        BUFG (Prop_bufg_I_O)         0.096    -4.589 r  clk_wiz_0_inst/inst/clkout2_buf/O
                         net (fo=14, routed)          1.718    -2.870    task2_inst/clkB_i
    SLICE_X2Y63          FDCE                                         r  task2_inst/syncB_ff_reg[2]/C
  -------------------------------------------------------------------    -------------------
    SLICE_X2Y63          FDCE (Prop_fdce_C_Q)         0.518    -2.352 r  task2_inst/syncB_ff_reg[2]/Q
                         net (fo=3, routed)           0.804    -1.548    task2_inst/p_0_in
    SLICE_X2Y63          LUT2 (Prop_lut2_I0_O)        0.124    -1.424 r  task2_inst/dataB_o[7]_i_1/O
                         net (fo=9, routed)           0.497    -0.927    task2_inst/ackB_pulse
    SLICE_X1Y62          FDCE                                         r  task2_inst/dataB_o_reg[7]/CE
  -------------------------------------------------------------------    -------------------

                         (clock clk_out2_clk_wiz_0 rise edge)
                                                     25.714    25.714 r  
    N15                                               0.000    25.714 r  clk_i (IN)
                         net (fo=0)                   0.000    25.714    clk_wiz_0_inst/inst/clk_in1
    N15                  IBUF (Prop_ibuf_I_O)         0.814    26.529 r  clk_wiz_0_inst/inst/clkin1_ibufg/O
                         net (fo=1, routed)           1.181    27.709    clk_wiz_0_inst/inst/clk_in1_clk_wiz_0
    PLLE2_ADV_X0Y1       PLLE2_ADV (Prop_plle2_adv_CLKIN1_CLKOUT1)
                                                     -7.855    19.855 r  clk_wiz_0_inst/inst/plle2_adv_inst/CLKOUT1
                         net (fo=1, routed)           1.625    21.480    clk_wiz_0_inst/inst/clk_out2_clk_wiz_0
    BUFGCTRL_X0Y0        BUFG (Prop_bufg_I_O)         0.091    21.571 r  clk_wiz_0_inst/inst/clkout2_buf/O
                         net (fo=14, routed)          1.598    23.169    task2_inst/clkB_i
    SLICE_X1Y62          FDCE                                         r  task2_inst/dataB_o_reg[7]/C
                         clock pessimism             -0.349    22.820    
                         clock uncertainty           -0.070    22.750    
    SLICE_X1Y62          FDCE (Setup_fdce_C_CE)      -0.205    22.545    task2_inst/dataB_o_reg[7]
  -------------------------------------------------------------------
                         required time                         22.545    
                         arrival time                           0.927    
  -------------------------------------------------------------------
                         slack                                 23.472    

Slack (MET) :             23.614ns  (required time - arrival time)
  Source:                 task2_inst/syncB_ff_reg[2]/C
                            (rising edge-triggered cell FDCE clocked by clk_out2_clk_wiz_0  {rise@0.000ns fall@12.857ns period=25.714ns})
  Destination:            task2_inst/dataB_o_reg[0]/CE
                            (rising edge-triggered cell FDCE clocked by clk_out2_clk_wiz_0  {rise@0.000ns fall@12.857ns period=25.714ns})
  Path Group:             clk_out2_clk_wiz_0
  Path Type:              Setup (Max at Slow Process Corner)
  Requirement:            25.714ns  (clk_out2_clk_wiz_0 rise@25.714ns - clk_out2_clk_wiz_0 rise@0.000ns)
  Data Path Delay:        1.801ns  (logic 0.642ns (35.647%)  route 1.159ns (64.353%))
  Logic Levels:           1  (LUT2=1)
  Clock Path Skew:        -0.024ns (DCD - SCD + CPR)
    Destination Clock Delay (DCD):    -2.545ns = ( 23.169 - 25.714 ) 
    Source Clock Delay      (SCD):    -2.870ns
    Clock Pessimism Removal (CPR):    -0.349ns
  Clock Uncertainty:      0.070ns  ((TSJ^2 + DJ^2)^1/2) / 2 + PE
    Total System Jitter     (TSJ):    0.071ns
    Discrete Jitter          (DJ):    0.122ns
    Phase Error              (PE):    0.000ns

    Location             Delay type                Incr(ns)  Path(ns)    Netlist Resource(s)
  -------------------------------------------------------------------    -------------------
                         (clock clk_out2_clk_wiz_0 rise edge)
                                                      0.000     0.000 r  
    N15                                               0.000     0.000 r  clk_i (IN)
                         net (fo=0)                   0.000     0.000    clk_wiz_0_inst/inst/clk_in1
    N15                  IBUF (Prop_ibuf_I_O)         0.948     0.948 r  clk_wiz_0_inst/inst/clkin1_ibufg/O
                         net (fo=1, routed)           1.253     2.201    clk_wiz_0_inst/inst/clk_in1_clk_wiz_0
    PLLE2_ADV_X0Y1       PLLE2_ADV (Prop_plle2_adv_CLKIN1_CLKOUT1)
                                                     -8.590    -6.389 r  clk_wiz_0_inst/inst/plle2_adv_inst/CLKOUT1
                         net (fo=1, routed)           1.704    -4.685    clk_wiz_0_inst/inst/clk_out2_clk_wiz_0
    BUFGCTRL_X0Y0        BUFG (Prop_bufg_I_O)         0.096    -4.589 r  clk_wiz_0_inst/inst/clkout2_buf/O
                         net (fo=14, routed)          1.718    -2.870    task2_inst/clkB_i
    SLICE_X2Y63          FDCE                                         r  task2_inst/syncB_ff_reg[2]/C
  -------------------------------------------------------------------    -------------------
    SLICE_X2Y63          FDCE (Prop_fdce_C_Q)         0.518    -2.352 r  task2_inst/syncB_ff_reg[2]/Q
                         net (fo=3, routed)           0.804    -1.548    task2_inst/p_0_in
    SLICE_X2Y63          LUT2 (Prop_lut2_I0_O)        0.124    -1.424 r  task2_inst/dataB_o[7]_i_1/O
                         net (fo=9, routed)           0.355    -1.069    task2_inst/ackB_pulse
    SLICE_X3Y62          FDCE                                         r  task2_inst/dataB_o_reg[0]/CE
  -------------------------------------------------------------------    -------------------

                         (clock clk_out2_clk_wiz_0 rise edge)
                                                     25.714    25.714 r  
    N15                                               0.000    25.714 r  clk_i (IN)
                         net (fo=0)                   0.000    25.714    clk_wiz_0_inst/inst/clk_in1
    N15                  IBUF (Prop_ibuf_I_O)         0.814    26.529 r  clk_wiz_0_inst/inst/clkin1_ibufg/O
                         net (fo=1, routed)           1.181    27.709    clk_wiz_0_inst/inst/clk_in1_clk_wiz_0
    PLLE2_ADV_X0Y1       PLLE2_ADV (Prop_plle2_adv_CLKIN1_CLKOUT1)
                                                     -7.855    19.855 r  clk_wiz_0_inst/inst/plle2_adv_inst/CLKOUT1
                         net (fo=1, routed)           1.625    21.480    clk_wiz_0_inst/inst/clk_out2_clk_wiz_0
    BUFGCTRL_X0Y0        BUFG (Prop_bufg_I_O)         0.091    21.571 r  clk_wiz_0_inst/inst/clkout2_buf/O
                         net (fo=14, routed)          1.598    23.169    task2_inst/clkB_i
    SLICE_X3Y62          FDCE                                         r  task2_inst/dataB_o_reg[0]/C
                         clock pessimism             -0.349    22.820    
                         clock uncertainty           -0.070    22.750    
    SLICE_X3Y62          FDCE (Setup_fdce_C_CE)      -0.205    22.545    task2_inst/dataB_o_reg[0]
  -------------------------------------------------------------------
                         required time                         22.545    
                         arrival time                           1.069    
  -------------------------------------------------------------------
                         slack                                 23.614    

Slack (MET) :             23.614ns  (required time - arrival time)
  Source:                 task2_inst/syncB_ff_reg[2]/C
                            (rising edge-triggered cell FDCE clocked by clk_out2_clk_wiz_0  {rise@0.000ns fall@12.857ns period=25.714ns})
  Destination:            task2_inst/dataB_o_reg[1]/CE
                            (rising edge-triggered cell FDCE clocked by clk_out2_clk_wiz_0  {rise@0.000ns fall@12.857ns period=25.714ns})
  Path Group:             clk_out2_clk_wiz_0
  Path Type:              Setup (Max at Slow Process Corner)
  Requirement:            25.714ns  (clk_out2_clk_wiz_0 rise@25.714ns - clk_out2_clk_wiz_0 rise@0.000ns)
  Data Path Delay:        1.801ns  (logic 0.642ns (35.647%)  route 1.159ns (64.353%))
  Logic Levels:           1  (LUT2=1)
  Clock Path Skew:        -0.024ns (DCD - SCD + CPR)
    Destination Clock Delay (DCD):    -2.545ns = ( 23.169 - 25.714 ) 
    Source Clock Delay      (SCD):    -2.870ns
    Clock Pessimism Removal (CPR):    -0.349ns
  Clock Uncertainty:      0.070ns  ((TSJ^2 + DJ^2)^1/2) / 2 + PE
    Total System Jitter     (TSJ):    0.071ns
    Discrete Jitter          (DJ):    0.122ns
    Phase Error              (PE):    0.000ns

    Location             Delay type                Incr(ns)  Path(ns)    Netlist Resource(s)
  -------------------------------------------------------------------    -------------------
                         (clock clk_out2_clk_wiz_0 rise edge)
                                                      0.000     0.000 r  
    N15                                               0.000     0.000 r  clk_i (IN)
                         net (fo=0)                   0.000     0.000    clk_wiz_0_inst/inst/clk_in1
    N15                  IBUF (Prop_ibuf_I_O)         0.948     0.948 r  clk_wiz_0_inst/inst/clkin1_ibufg/O
                         net (fo=1, routed)           1.253     2.201    clk_wiz_0_inst/inst/clk_in1_clk_wiz_0
    PLLE2_ADV_X0Y1       PLLE2_ADV (Prop_plle2_adv_CLKIN1_CLKOUT1)
                                                     -8.590    -6.389 r  clk_wiz_0_inst/inst/plle2_adv_inst/CLKOUT1
                         net (fo=1, routed)           1.704    -4.685    clk_wiz_0_inst/inst/clk_out2_clk_wiz_0
    BUFGCTRL_X0Y0        BUFG (Prop_bufg_I_O)         0.096    -4.589 r  clk_wiz_0_inst/inst/clkout2_buf/O
                         net (fo=14, routed)          1.718    -2.870    task2_inst/clkB_i
    SLICE_X2Y63          FDCE                                         r  task2_inst/syncB_ff_reg[2]/C
  -------------------------------------------------------------------    -------------------
    SLICE_X2Y63          FDCE (Prop_fdce_C_Q)         0.518    -2.352 r  task2_inst/syncB_ff_reg[2]/Q
                         net (fo=3, routed)           0.804    -1.548    task2_inst/p_0_in
    SLICE_X2Y63          LUT2 (Prop_lut2_I0_O)        0.124    -1.424 r  task2_inst/dataB_o[7]_i_1/O
                         net (fo=9, routed)           0.355    -1.069    task2_inst/ackB_pulse
    SLICE_X3Y62          FDCE                                         r  task2_inst/dataB_o_reg[1]/CE
  -------------------------------------------------------------------    -------------------

                         (clock clk_out2_clk_wiz_0 rise edge)
                                                     25.714    25.714 r  
    N15                                               0.000    25.714 r  clk_i (IN)
                         net (fo=0)                   0.000    25.714    clk_wiz_0_inst/inst/clk_in1
    N15                  IBUF (Prop_ibuf_I_O)         0.814    26.529 r  clk_wiz_0_inst/inst/clkin1_ibufg/O
                         net (fo=1, routed)           1.181    27.709    clk_wiz_0_inst/inst/clk_in1_clk_wiz_0
    PLLE2_ADV_X0Y1       PLLE2_ADV (Prop_plle2_adv_CLKIN1_CLKOUT1)
                                                     -7.855    19.855 r  clk_wiz_0_inst/inst/plle2_adv_inst/CLKOUT1
                         net (fo=1, routed)           1.625    21.480    clk_wiz_0_inst/inst/clk_out2_clk_wiz_0
    BUFGCTRL_X0Y0        BUFG (Prop_bufg_I_O)         0.091    21.571 r  clk_wiz_0_inst/inst/clkout2_buf/O
                         net (fo=14, routed)          1.598    23.169    task2_inst/clkB_i
    SLICE_X3Y62          FDCE                                         r  task2_inst/dataB_o_reg[1]/C
                         clock pessimism             -0.349    22.820    
                         clock uncertainty           -0.070    22.750    
    SLICE_X3Y62          FDCE (Setup_fdce_C_CE)      -0.205    22.545    task2_inst/dataB_o_reg[1]
  -------------------------------------------------------------------
                         required time                         22.545    
                         arrival time                           1.069    
  -------------------------------------------------------------------
                         slack                                 23.614    

Slack (MET) :             23.614ns  (required time - arrival time)
  Source:                 task2_inst/syncB_ff_reg[2]/C
                            (rising edge-triggered cell FDCE clocked by clk_out2_clk_wiz_0  {rise@0.000ns fall@12.857ns period=25.714ns})
  Destination:            task2_inst/dataB_o_reg[2]/CE
                            (rising edge-triggered cell FDCE clocked by clk_out2_clk_wiz_0  {rise@0.000ns fall@12.857ns period=25.714ns})
  Path Group:             clk_out2_clk_wiz_0
  Path Type:              Setup (Max at Slow Process Corner)
  Requirement:            25.714ns  (clk_out2_clk_wiz_0 rise@25.714ns - clk_out2_clk_wiz_0 rise@0.000ns)
  Data Path Delay:        1.801ns  (logic 0.642ns (35.647%)  route 1.159ns (64.353%))
  Logic Levels:           1  (LUT2=1)
  Clock Path Skew:        -0.024ns (DCD - SCD + CPR)
    Destination Clock Delay (DCD):    -2.545ns = ( 23.169 - 25.714 ) 
    Source Clock Delay      (SCD):    -2.870ns
    Clock Pessimism Removal (CPR):    -0.349ns
  Clock Uncertainty:      0.070ns  ((TSJ^2 + DJ^2)^1/2) / 2 + PE
    Total System Jitter     (TSJ):    0.071ns
    Discrete Jitter          (DJ):    0.122ns
    Phase Error              (PE):    0.000ns

    Location             Delay type                Incr(ns)  Path(ns)    Netlist Resource(s)
  -------------------------------------------------------------------    -------------------
                         (clock clk_out2_clk_wiz_0 rise edge)
                                                      0.000     0.000 r  
    N15                                               0.000     0.000 r  clk_i (IN)
                         net (fo=0)                   0.000     0.000    clk_wiz_0_inst/inst/clk_in1
    N15                  IBUF (Prop_ibuf_I_O)         0.948     0.948 r  clk_wiz_0_inst/inst/clkin1_ibufg/O
                         net (fo=1, routed)           1.253     2.201    clk_wiz_0_inst/inst/clk_in1_clk_wiz_0
    PLLE2_ADV_X0Y1       PLLE2_ADV (Prop_plle2_adv_CLKIN1_CLKOUT1)
                                                     -8.590    -6.389 r  clk_wiz_0_inst/inst/plle2_adv_inst/CLKOUT1
                         net (fo=1, routed)           1.704    -4.685    clk_wiz_0_inst/inst/clk_out2_clk_wiz_0
    BUFGCTRL_X0Y0        BUFG (Prop_bufg_I_O)         0.096    -4.589 r  clk_wiz_0_inst/inst/clkout2_buf/O
                         net (fo=14, routed)          1.718    -2.870    task2_inst/clkB_i
    SLICE_X2Y63          FDCE                                         r  task2_inst/syncB_ff_reg[2]/C
  -------------------------------------------------------------------    -------------------
    SLICE_X2Y63          FDCE (Prop_fdce_C_Q)         0.518    -2.352 r  task2_inst/syncB_ff_reg[2]/Q
                         net (fo=3, routed)           0.804    -1.548    task2_inst/p_0_in
    SLICE_X2Y63          LUT2 (Prop_lut2_I0_O)        0.124    -1.424 r  task2_inst/dataB_o[7]_i_1/O
                         net (fo=9, routed)           0.355    -1.069    task2_inst/ackB_pulse
    SLICE_X3Y62          FDCE                                         r  task2_inst/dataB_o_reg[2]/CE
  -------------------------------------------------------------------    -------------------

                         (clock clk_out2_clk_wiz_0 rise edge)
                                                     25.714    25.714 r  
    N15                                               0.000    25.714 r  clk_i (IN)
                         net (fo=0)                   0.000    25.714    clk_wiz_0_inst/inst/clk_in1
    N15                  IBUF (Prop_ibuf_I_O)         0.814    26.529 r  clk_wiz_0_inst/inst/clkin1_ibufg/O
                         net (fo=1, routed)           1.181    27.709    clk_wiz_0_inst/inst/clk_in1_clk_wiz_0
    PLLE2_ADV_X0Y1       PLLE2_ADV (Prop_plle2_adv_CLKIN1_CLKOUT1)
                                                     -7.855    19.855 r  clk_wiz_0_inst/inst/plle2_adv_inst/CLKOUT1
                         net (fo=1, routed)           1.625    21.480    clk_wiz_0_inst/inst/clk_out2_clk_wiz_0
    BUFGCTRL_X0Y0        BUFG (Prop_bufg_I_O)         0.091    21.571 r  clk_wiz_0_inst/inst/clkout2_buf/O
                         net (fo=14, routed)          1.598    23.169    task2_inst/clkB_i
    SLICE_X3Y62          FDCE                                         r  task2_inst/dataB_o_reg[2]/C
                         clock pessimism             -0.349    22.820    
                         clock uncertainty           -0.070    22.750    
    SLICE_X3Y62          FDCE (Setup_fdce_C_CE)      -0.205    22.545    task2_inst/dataB_o_reg[2]
  -------------------------------------------------------------------
                         required time                         22.545    
                         arrival time                           1.069    
  -------------------------------------------------------------------
                         slack                                 23.614    

Slack (MET) :             23.614ns  (required time - arrival time)
  Source:                 task2_inst/syncB_ff_reg[2]/C
                            (rising edge-triggered cell FDCE clocked by clk_out2_clk_wiz_0  {rise@0.000ns fall@12.857ns period=25.714ns})
  Destination:            task2_inst/dataB_o_reg[3]/CE
                            (rising edge-triggered cell FDCE clocked by clk_out2_clk_wiz_0  {rise@0.000ns fall@12.857ns period=25.714ns})
  Path Group:             clk_out2_clk_wiz_0
  Path Type:              Setup (Max at Slow Process Corner)
  Requirement:            25.714ns  (clk_out2_clk_wiz_0 rise@25.714ns - clk_out2_clk_wiz_0 rise@0.000ns)
  Data Path Delay:        1.801ns  (logic 0.642ns (35.647%)  route 1.159ns (64.353%))
  Logic Levels:           1  (LUT2=1)
  Clock Path Skew:        -0.024ns (DCD - SCD + CPR)
    Destination Clock Delay (DCD):    -2.545ns = ( 23.169 - 25.714 ) 
    Source Clock Delay      (SCD):    -2.870ns
    Clock Pessimism Removal (CPR):    -0.349ns
  Clock Uncertainty:      0.070ns  ((TSJ^2 + DJ^2)^1/2) / 2 + PE
    Total System Jitter     (TSJ):    0.071ns
    Discrete Jitter          (DJ):    0.122ns
    Phase Error              (PE):    0.000ns

    Location             Delay type                Incr(ns)  Path(ns)    Netlist Resource(s)
  -------------------------------------------------------------------    -------------------
                         (clock clk_out2_clk_wiz_0 rise edge)
                                                      0.000     0.000 r  
    N15                                               0.000     0.000 r  clk_i (IN)
                         net (fo=0)                   0.000     0.000    clk_wiz_0_inst/inst/clk_in1
    N15                  IBUF (Prop_ibuf_I_O)         0.948     0.948 r  clk_wiz_0_inst/inst/clkin1_ibufg/O
                         net (fo=1, routed)           1.253     2.201    clk_wiz_0_inst/inst/clk_in1_clk_wiz_0
    PLLE2_ADV_X0Y1       PLLE2_ADV (Prop_plle2_adv_CLKIN1_CLKOUT1)
                                                     -8.590    -6.389 r  clk_wiz_0_inst/inst/plle2_adv_inst/CLKOUT1
                         net (fo=1, routed)           1.704    -4.685    clk_wiz_0_inst/inst/clk_out2_clk_wiz_0
    BUFGCTRL_X0Y0        BUFG (Prop_bufg_I_O)         0.096    -4.589 r  clk_wiz_0_inst/inst/clkout2_buf/O
                         net (fo=14, routed)          1.718    -2.870    task2_inst/clkB_i
    SLICE_X2Y63          FDCE                                         r  task2_inst/syncB_ff_reg[2]/C
  -------------------------------------------------------------------    -------------------
    SLICE_X2Y63          FDCE (Prop_fdce_C_Q)         0.518    -2.352 r  task2_inst/syncB_ff_reg[2]/Q
                         net (fo=3, routed)           0.804    -1.548    task2_inst/p_0_in
    SLICE_X2Y63          LUT2 (Prop_lut2_I0_O)        0.124    -1.424 r  task2_inst/dataB_o[7]_i_1/O
                         net (fo=9, routed)           0.355    -1.069    task2_inst/ackB_pulse
    SLICE_X3Y62          FDCE                                         r  task2_inst/dataB_o_reg[3]/CE
  -------------------------------------------------------------------    -------------------

                         (clock clk_out2_clk_wiz_0 rise edge)
                                                     25.714    25.714 r  
    N15                                               0.000    25.714 r  clk_i (IN)
                         net (fo=0)                   0.000    25.714    clk_wiz_0_inst/inst/clk_in1
    N15                  IBUF (Prop_ibuf_I_O)         0.814    26.529 r  clk_wiz_0_inst/inst/clkin1_ibufg/O
                         net (fo=1, routed)           1.181    27.709    clk_wiz_0_inst/inst/clk_in1_clk_wiz_0
    PLLE2_ADV_X0Y1       PLLE2_ADV (Prop_plle2_adv_CLKIN1_CLKOUT1)
                                                     -7.855    19.855 r  clk_wiz_0_inst/inst/plle2_adv_inst/CLKOUT1
                         net (fo=1, routed)           1.625    21.480    clk_wiz_0_inst/inst/clk_out2_clk_wiz_0
    BUFGCTRL_X0Y0        BUFG (Prop_bufg_I_O)         0.091    21.571 r  clk_wiz_0_inst/inst/clkout2_buf/O
                         net (fo=14, routed)          1.598    23.169    task2_inst/clkB_i
    SLICE_X3Y62          FDCE                                         r  task2_inst/dataB_o_reg[3]/C
                         clock pessimism             -0.349    22.820    
                         clock uncertainty           -0.070    22.750    
    SLICE_X3Y62          FDCE (Setup_fdce_C_CE)      -0.205    22.545    task2_inst/dataB_o_reg[3]
  -------------------------------------------------------------------
                         required time                         22.545    
                         arrival time                           1.069    
  -------------------------------------------------------------------
                         slack                                 23.614    

Slack (MET) :             23.614ns  (required time - arrival time)
  Source:                 task2_inst/toggleB_ff_reg/C
                            (rising edge-triggered cell FDCE clocked by clk_out2_clk_wiz_0  {rise@0.000ns fall@12.857ns period=25.714ns})
  Destination:            task2_inst/toggleB_ff_reg/D
                            (rising edge-triggered cell FDCE clocked by clk_out2_clk_wiz_0  {rise@0.000ns fall@12.857ns period=25.714ns})
  Path Group:             clk_out2_clk_wiz_0
  Path Type:              Setup (Max at Slow Process Corner)
  Requirement:            25.714ns  (clk_out2_clk_wiz_0 rise@25.714ns - clk_out2_clk_wiz_0 rise@0.000ns)
  Data Path Delay:        2.000ns  (logic 0.779ns (38.959%)  route 1.221ns (61.041%))
  Logic Levels:           1  (LUT4=1)
  Clock Path Skew:        0.000ns (DCD - SCD + CPR)
    Destination Clock Delay (DCD):    -2.546ns = ( 23.168 - 25.714 ) 
    Source Clock Delay      (SCD):    -2.870ns
    Clock Pessimism Removal (CPR):    -0.324ns
  Clock Uncertainty:      0.070ns  ((TSJ^2 + DJ^2)^1/2) / 2 + PE
    Total System Jitter     (TSJ):    0.071ns
    Discrete Jitter          (DJ):    0.122ns
    Phase Error              (PE):    0.000ns

    Location             Delay type                Incr(ns)  Path(ns)    Netlist Resource(s)
  -------------------------------------------------------------------    -------------------
                         (clock clk_out2_clk_wiz_0 rise edge)
                                                      0.000     0.000 r  
    N15                                               0.000     0.000 r  clk_i (IN)
                         net (fo=0)                   0.000     0.000    clk_wiz_0_inst/inst/clk_in1
    N15                  IBUF (Prop_ibuf_I_O)         0.948     0.948 r  clk_wiz_0_inst/inst/clkin1_ibufg/O
                         net (fo=1, routed)           1.253     2.201    clk_wiz_0_inst/inst/clk_in1_clk_wiz_0
    PLLE2_ADV_X0Y1       PLLE2_ADV (Prop_plle2_adv_CLKIN1_CLKOUT1)
                                                     -8.590    -6.389 r  clk_wiz_0_inst/inst/plle2_adv_inst/CLKOUT1
                         net (fo=1, routed)           1.704    -4.685    clk_wiz_0_inst/inst/clk_out2_clk_wiz_0
    BUFGCTRL_X0Y0        BUFG (Prop_bufg_I_O)         0.096    -4.589 r  clk_wiz_0_inst/inst/clkout2_buf/O
                         net (fo=14, routed)          1.718    -2.870    task2_inst/clkB_i
    SLICE_X2Y63          FDCE                                         r  task2_inst/toggleB_ff_reg/C
  -------------------------------------------------------------------    -------------------
    SLICE_X2Y63          FDCE (Prop_fdce_C_Q)         0.478    -2.392 r  task2_inst/toggleB_ff_reg/Q
                         net (fo=3, routed)           0.700    -1.692    task2_inst/toggleB_ff
    SLICE_X2Y63          LUT4 (Prop_lut4_I3_O)        0.301    -1.391 r  task2_inst/toggleB_ff_i_1/O
                         net (fo=1, routed)           0.521    -0.871    task2_inst/toggleB_ff_i_1_n_0
    SLICE_X2Y63          FDCE                                         r  task2_inst/toggleB_ff_reg/D
  -------------------------------------------------------------------    -------------------

                         (clock clk_out2_clk_wiz_0 rise edge)
                                                     25.714    25.714 r  
    N15                                               0.000    25.714 r  clk_i (IN)
                         net (fo=0)                   0.000    25.714    clk_wiz_0_inst/inst/clk_in1
    N15                  IBUF (Prop_ibuf_I_O)         0.814    26.529 r  clk_wiz_0_inst/inst/clkin1_ibufg/O
                         net (fo=1, routed)           1.181    27.709    clk_wiz_0_inst/inst/clk_in1_clk_wiz_0
    PLLE2_ADV_X0Y1       PLLE2_ADV (Prop_plle2_adv_CLKIN1_CLKOUT1)
                                                     -7.855    19.855 r  clk_wiz_0_inst/inst/plle2_adv_inst/CLKOUT1
                         net (fo=1, routed)           1.625    21.480    clk_wiz_0_inst/inst/clk_out2_clk_wiz_0
    BUFGCTRL_X0Y0        BUFG (Prop_bufg_I_O)         0.091    21.571 r  clk_wiz_0_inst/inst/clkout2_buf/O
                         net (fo=14, routed)          1.597    23.168    task2_inst/clkB_i
    SLICE_X2Y63          FDCE                                         r  task2_inst/toggleB_ff_reg/C
                         clock pessimism             -0.324    22.844    
                         clock uncertainty           -0.070    22.774    
    SLICE_X2Y63          FDCE (Setup_fdce_C_D)       -0.030    22.744    task2_inst/toggleB_ff_reg
  -------------------------------------------------------------------
                         required time                         22.744    
                         arrival time                           0.871    
  -------------------------------------------------------------------
                         slack                                 23.614    

Slack (MET) :             23.759ns  (required time - arrival time)
  Source:                 task2_inst/syncB_ff_reg[2]/C
                            (rising edge-triggered cell FDCE clocked by clk_out2_clk_wiz_0  {rise@0.000ns fall@12.857ns period=25.714ns})
  Destination:            task2_inst/dataB_valid_o_reg/D
                            (rising edge-triggered cell FDCE clocked by clk_out2_clk_wiz_0  {rise@0.000ns fall@12.857ns period=25.714ns})
  Path Group:             clk_out2_clk_wiz_0
  Path Type:              Setup (Max at Slow Process Corner)
  Requirement:            25.714ns  (clk_out2_clk_wiz_0 rise@25.714ns - clk_out2_clk_wiz_0 rise@0.000ns)
  Data Path Delay:        1.765ns  (logic 0.642ns (36.384%)  route 1.123ns (63.616%))
  Logic Levels:           1  (LUT2=1)
  Clock Path Skew:        -0.025ns (DCD - SCD + CPR)
    Destination Clock Delay (DCD):    -2.546ns = ( 23.168 - 25.714 ) 
    Source Clock Delay      (SCD):    -2.870ns
    Clock Pessimism Removal (CPR):    -0.349ns
  Clock Uncertainty:      0.070ns  ((TSJ^2 + DJ^2)^1/2) / 2 + PE
    Total System Jitter     (TSJ):    0.071ns
    Discrete Jitter          (DJ):    0.122ns
    Phase Error              (PE):    0.000ns

    Location             Delay type                Incr(ns)  Path(ns)    Netlist Resource(s)
  -------------------------------------------------------------------    -------------------
                         (clock clk_out2_clk_wiz_0 rise edge)
                                                      0.000     0.000 r  
    N15                                               0.000     0.000 r  clk_i (IN)
                         net (fo=0)                   0.000     0.000    clk_wiz_0_inst/inst/clk_in1
    N15                  IBUF (Prop_ibuf_I_O)         0.948     0.948 r  clk_wiz_0_inst/inst/clkin1_ibufg/O
                         net (fo=1, routed)           1.253     2.201    clk_wiz_0_inst/inst/clk_in1_clk_wiz_0
    PLLE2_ADV_X0Y1       PLLE2_ADV (Prop_plle2_adv_CLKIN1_CLKOUT1)
                                                     -8.590    -6.389 r  clk_wiz_0_inst/inst/plle2_adv_inst/CLKOUT1
                         net (fo=1, routed)           1.704    -4.685    clk_wiz_0_inst/inst/clk_out2_clk_wiz_0
    BUFGCTRL_X0Y0        BUFG (Prop_bufg_I_O)         0.096    -4.589 r  clk_wiz_0_inst/inst/clkout2_buf/O
                         net (fo=14, routed)          1.718    -2.870    task2_inst/clkB_i
    SLICE_X2Y63          FDCE                                         r  task2_inst/syncB_ff_reg[2]/C
  -------------------------------------------------------------------    -------------------
    SLICE_X2Y63          FDCE (Prop_fdce_C_Q)         0.518    -2.352 r  task2_inst/syncB_ff_reg[2]/Q
                         net (fo=3, routed)           0.804    -1.548    task2_inst/p_0_in
    SLICE_X2Y63          LUT2 (Prop_lut2_I0_O)        0.124    -1.424 r  task2_inst/dataB_o[7]_i_1/O
                         net (fo=9, routed)           0.318    -1.106    task2_inst/ackB_pulse
    SLICE_X0Y63          FDCE                                         r  task2_inst/dataB_valid_o_reg/D
  -------------------------------------------------------------------    -------------------

                         (clock clk_out2_clk_wiz_0 rise edge)
                                                     25.714    25.714 r  
    N15                                               0.000    25.714 r  clk_i (IN)
                         net (fo=0)                   0.000    25.714    clk_wiz_0_inst/inst/clk_in1
    N15                  IBUF (Prop_ibuf_I_O)         0.814    26.529 r  clk_wiz_0_inst/inst/clkin1_ibufg/O
                         net (fo=1, routed)           1.181    27.709    clk_wiz_0_inst/inst/clk_in1_clk_wiz_0
    PLLE2_ADV_X0Y1       PLLE2_ADV (Prop_plle2_adv_CLKIN1_CLKOUT1)
                                                     -7.855    19.855 r  clk_wiz_0_inst/inst/plle2_adv_inst/CLKOUT1
                         net (fo=1, routed)           1.625    21.480    clk_wiz_0_inst/inst/clk_out2_clk_wiz_0
    BUFGCTRL_X0Y0        BUFG (Prop_bufg_I_O)         0.091    21.571 r  clk_wiz_0_inst/inst/clkout2_buf/O
                         net (fo=14, routed)          1.597    23.168    task2_inst/clkB_i
    SLICE_X0Y63          FDCE                                         r  task2_inst/dataB_valid_o_reg/C
                         clock pessimism             -0.349    22.819    
                         clock uncertainty           -0.070    22.749    
    SLICE_X0Y63          FDCE (Setup_fdce_C_D)       -0.095    22.654    task2_inst/dataB_valid_o_reg
  -------------------------------------------------------------------
                         required time                         22.654    
                         arrival time                           1.106    
  -------------------------------------------------------------------
                         slack                                 23.759    





Min Delay Paths
--------------------------------------------------------------------------------------
Slack (MET) :             0.262ns  (arrival time - required time)
  Source:                 task2_inst/syncB_ff_reg[0]/C
                            (rising edge-triggered cell FDCE clocked by clk_out2_clk_wiz_0  {rise@0.000ns fall@12.857ns period=25.714ns})
  Destination:            task2_inst/syncB_ff_reg[1]/D
                            (rising edge-triggered cell FDCE clocked by clk_out2_clk_wiz_0  {rise@0.000ns fall@12.857ns period=25.714ns})
  Path Group:             clk_out2_clk_wiz_0
  Path Type:              Hold (Min at Fast Process Corner)
  Requirement:            0.000ns  (clk_out2_clk_wiz_0 rise@0.000ns - clk_out2_clk_wiz_0 rise@0.000ns)
  Data Path Delay:        0.286ns  (logic 0.128ns (44.791%)  route 0.158ns (55.209%))
  Logic Levels:           0  
  Clock Path Skew:        0.015ns (DCD - SCD - CPR)
    Destination Clock Delay (DCD):    -0.357ns
    Source Clock Delay      (SCD):    -0.588ns
    Clock Pessimism Removal (CPR):    0.217ns

    Location             Delay type                Incr(ns)  Path(ns)    Netlist Resource(s)
  -------------------------------------------------------------------    -------------------
                         (clock clk_out2_clk_wiz_0 rise edge)
                                                      0.000     0.000 r  
    N15                                               0.000     0.000 r  clk_i (IN)
                         net (fo=0)                   0.000     0.000    clk_wiz_0_inst/inst/clk_in1
    N15                  IBUF (Prop_ibuf_I_O)         0.177     0.177 r  clk_wiz_0_inst/inst/clkin1_ibufg/O
                         net (fo=1, routed)           0.440     0.617    clk_wiz_0_inst/inst/clk_in1_clk_wiz_0
    PLLE2_ADV_X0Y1       PLLE2_ADV (Prop_plle2_adv_CLKIN1_CLKOUT1)
                                                     -2.339    -1.722 r  clk_wiz_0_inst/inst/plle2_adv_inst/CLKOUT1
                         net (fo=1, routed)           0.510    -1.212    clk_wiz_0_inst/inst/clk_out2_clk_wiz_0
    BUFGCTRL_X0Y0        BUFG (Prop_bufg_I_O)         0.026    -1.186 r  clk_wiz_0_inst/inst/clkout2_buf/O
                         net (fo=14, routed)          0.598    -0.588    task2_inst/clkB_i
    SLICE_X0Y63          FDCE                                         r  task2_inst/syncB_ff_reg[0]/C
  -------------------------------------------------------------------    -------------------
    SLICE_X0Y63          FDCE (Prop_fdce_C_Q)         0.128    -0.460 r  task2_inst/syncB_ff_reg[0]/Q
                         net (fo=1, routed)           0.158    -0.302    task2_inst/syncB_ff_reg_n_0_[0]
    SLICE_X2Y63          FDCE                                         r  task2_inst/syncB_ff_reg[1]/D
  -------------------------------------------------------------------    -------------------

                         (clock clk_out2_clk_wiz_0 rise edge)
                                                      0.000     0.000 r  
    N15                                               0.000     0.000 r  clk_i (IN)
                         net (fo=0)                   0.000     0.000    clk_wiz_0_inst/inst/clk_in1
    N15                  IBUF (Prop_ibuf_I_O)         0.365     0.365 r  clk_wiz_0_inst/inst/clkin1_ibufg/O
                         net (fo=1, routed)           0.481     0.846    clk_wiz_0_inst/inst/clk_in1_clk_wiz_0
    PLLE2_ADV_X0Y1       PLLE2_ADV (Prop_plle2_adv_CLKIN1_CLKOUT1)
                                                     -2.657    -1.811 r  clk_wiz_0_inst/inst/plle2_adv_inst/CLKOUT1
                         net (fo=1, routed)           0.556    -1.255    clk_wiz_0_inst/inst/clk_out2_clk_wiz_0
    BUFGCTRL_X0Y0        BUFG (Prop_bufg_I_O)         0.029    -1.226 r  clk_wiz_0_inst/inst/clkout2_buf/O
                         net (fo=14, routed)          0.870    -0.357    task2_inst/clkB_i
    SLICE_X2Y63          FDCE                                         r  task2_inst/syncB_ff_reg[1]/C
                         clock pessimism             -0.217    -0.573    
    SLICE_X2Y63          FDCE (Hold_fdce_C_D)         0.009    -0.564    task2_inst/syncB_ff_reg[1]
  -------------------------------------------------------------------
                         required time                          0.564    
                         arrival time                          -0.302    
  -------------------------------------------------------------------
                         slack                                  0.262    

Slack (MET) :             0.342ns  (arrival time - required time)
  Source:                 task2_inst/syncB_ff_reg[1]/C
                            (rising edge-triggered cell FDCE clocked by clk_out2_clk_wiz_0  {rise@0.000ns fall@12.857ns period=25.714ns})
  Destination:            task2_inst/syncB_ff_reg[2]/D
                            (rising edge-triggered cell FDCE clocked by clk_out2_clk_wiz_0  {rise@0.000ns fall@12.857ns period=25.714ns})
  Path Group:             clk_out2_clk_wiz_0
  Path Type:              Hold (Min at Fast Process Corner)
  Requirement:            0.000ns  (clk_out2_clk_wiz_0 rise@0.000ns - clk_out2_clk_wiz_0 rise@0.000ns)
  Data Path Delay:        0.405ns  (logic 0.164ns (40.483%)  route 0.241ns (59.517%))
  Logic Levels:           0  
  Clock Path Skew:        0.000ns (DCD - SCD - CPR)
    Destination Clock Delay (DCD):    -0.357ns
    Source Clock Delay      (SCD):    -0.588ns
    Clock Pessimism Removal (CPR):    0.232ns

    Location             Delay type                Incr(ns)  Path(ns)    Netlist Resource(s)
  -------------------------------------------------------------------    -------------------
                         (clock clk_out2_clk_wiz_0 rise edge)
                                                      0.000     0.000 r  
    N15                                               0.000     0.000 r  clk_i (IN)
                         net (fo=0)                   0.000     0.000    clk_wiz_0_inst/inst/clk_in1
    N15                  IBUF (Prop_ibuf_I_O)         0.177     0.177 r  clk_wiz_0_inst/inst/clkin1_ibufg/O
                         net (fo=1, routed)           0.440     0.617    clk_wiz_0_inst/inst/clk_in1_clk_wiz_0
    PLLE2_ADV_X0Y1       PLLE2_ADV (Prop_plle2_adv_CLKIN1_CLKOUT1)
                                                     -2.339    -1.722 r  clk_wiz_0_inst/inst/plle2_adv_inst/CLKOUT1
                         net (fo=1, routed)           0.510    -1.212    clk_wiz_0_inst/inst/clk_out2_clk_wiz_0
    BUFGCTRL_X0Y0        BUFG (Prop_bufg_I_O)         0.026    -1.186 r  clk_wiz_0_inst/inst/clkout2_buf/O
                         net (fo=14, routed)          0.598    -0.588    task2_inst/clkB_i
    SLICE_X2Y63          FDCE                                         r  task2_inst/syncB_ff_reg[1]/C
  -------------------------------------------------------------------    -------------------
    SLICE_X2Y63          FDCE (Prop_fdce_C_Q)         0.164    -0.424 r  task2_inst/syncB_ff_reg[1]/Q
                         net (fo=2, routed)           0.241    -0.183    task2_inst/syncB_ff_reg_n_0_[1]
    SLICE_X2Y63          FDCE                                         r  task2_inst/syncB_ff_reg[2]/D
  -------------------------------------------------------------------    -------------------

                         (clock clk_out2_clk_wiz_0 rise edge)
                                                      0.000     0.000 r  
    N15                                               0.000     0.000 r  clk_i (IN)
                         net (fo=0)                   0.000     0.000    clk_wiz_0_inst/inst/clk_in1
    N15                  IBUF (Prop_ibuf_I_O)         0.365     0.365 r  clk_wiz_0_inst/inst/clkin1_ibufg/O
                         net (fo=1, routed)           0.481     0.846    clk_wiz_0_inst/inst/clk_in1_clk_wiz_0
    PLLE2_ADV_X0Y1       PLLE2_ADV (Prop_plle2_adv_CLKIN1_CLKOUT1)
                                                     -2.657    -1.811 r  clk_wiz_0_inst/inst/plle2_adv_inst/CLKOUT1
                         net (fo=1, routed)           0.556    -1.255    clk_wiz_0_inst/inst/clk_out2_clk_wiz_0
    BUFGCTRL_X0Y0        BUFG (Prop_bufg_I_O)         0.029    -1.226 r  clk_wiz_0_inst/inst/clkout2_buf/O
                         net (fo=14, routed)          0.870    -0.357    task2_inst/clkB_i
    SLICE_X2Y63          FDCE                                         r  task2_inst/syncB_ff_reg[2]/C
                         clock pessimism             -0.232    -0.588    
    SLICE_X2Y63          FDCE (Hold_fdce_C_D)         0.063    -0.525    task2_inst/syncB_ff_reg[2]
  -------------------------------------------------------------------
                         required time                          0.525    
                         arrival time                          -0.183    
  -------------------------------------------------------------------
                         slack                                  0.342    

Slack (MET) :             0.490ns  (arrival time - required time)
  Source:                 task2_inst/reqB_ff_reg/C
                            (rising edge-triggered cell FDCE clocked by clk_out2_clk_wiz_0  {rise@0.000ns fall@12.857ns period=25.714ns})
  Destination:            task2_inst/toggleB_ff_reg/D
                            (rising edge-triggered cell FDCE clocked by clk_out2_clk_wiz_0  {rise@0.000ns fall@12.857ns period=25.714ns})
  Path Group:             clk_out2_clk_wiz_0
  Path Type:              Hold (Min at Fast Process Corner)
  Requirement:            0.000ns  (clk_out2_clk_wiz_0 rise@0.000ns - clk_out2_clk_wiz_0 rise@0.000ns)
  Data Path Delay:        0.543ns  (logic 0.209ns (38.512%)  route 0.334ns (61.488%))
  Logic Levels:           1  (LUT4=1)
  Clock Path Skew:        0.000ns (DCD - SCD - CPR)
    Destination Clock Delay (DCD):    -0.357ns
    Source Clock Delay      (SCD):    -0.588ns
    Clock Pessimism Removal (CPR):    0.232ns

    Location             Delay type                Incr(ns)  Path(ns)    Netlist Resource(s)
  -------------------------------------------------------------------    -------------------
                         (clock clk_out2_clk_wiz_0 rise edge)
                                                      0.000     0.000 r  
    N15                                               0.000     0.000 r  clk_i (IN)
                         net (fo=0)                   0.000     0.000    clk_wiz_0_inst/inst/clk_in1
    N15                  IBUF (Prop_ibuf_I_O)         0.177     0.177 r  clk_wiz_0_inst/inst/clkin1_ibufg/O
                         net (fo=1, routed)           0.440     0.617    clk_wiz_0_inst/inst/clk_in1_clk_wiz_0
    PLLE2_ADV_X0Y1       PLLE2_ADV (Prop_plle2_adv_CLKIN1_CLKOUT1)
                                                     -2.339    -1.722 r  clk_wiz_0_inst/inst/plle2_adv_inst/CLKOUT1
                         net (fo=1, routed)           0.510    -1.212    clk_wiz_0_inst/inst/clk_out2_clk_wiz_0
    BUFGCTRL_X0Y0        BUFG (Prop_bufg_I_O)         0.026    -1.186 r  clk_wiz_0_inst/inst/clkout2_buf/O
                         net (fo=14, routed)          0.598    -0.588    task2_inst/clkB_i
    SLICE_X2Y63          FDCE                                         r  task2_inst/reqB_ff_reg/C
  -------------------------------------------------------------------    -------------------
    SLICE_X2Y63          FDCE (Prop_fdce_C_Q)         0.164    -0.424 r  task2_inst/reqB_ff_reg/Q
                         net (fo=1, routed)           0.163    -0.261    task2_inst/reqB_ff
    SLICE_X2Y63          LUT4 (Prop_lut4_I1_O)        0.045    -0.216 r  task2_inst/toggleB_ff_i_1/O
                         net (fo=1, routed)           0.171    -0.045    task2_inst/toggleB_ff_i_1_n_0
    SLICE_X2Y63          FDCE                                         r  task2_inst/toggleB_ff_reg/D
  -------------------------------------------------------------------    -------------------

                         (clock clk_out2_clk_wiz_0 rise edge)
                                                      0.000     0.000 r  
    N15                                               0.000     0.000 r  clk_i (IN)
                         net (fo=0)                   0.000     0.000    clk_wiz_0_inst/inst/clk_in1
    N15                  IBUF (Prop_ibuf_I_O)         0.365     0.365 r  clk_wiz_0_inst/inst/clkin1_ibufg/O
                         net (fo=1, routed)           0.481     0.846    clk_wiz_0_inst/inst/clk_in1_clk_wiz_0
    PLLE2_ADV_X0Y1       PLLE2_ADV (Prop_plle2_adv_CLKIN1_CLKOUT1)
                                                     -2.657    -1.811 r  clk_wiz_0_inst/inst/plle2_adv_inst/CLKOUT1
                         net (fo=1, routed)           0.556    -1.255    clk_wiz_0_inst/inst/clk_out2_clk_wiz_0
    BUFGCTRL_X0Y0        BUFG (Prop_bufg_I_O)         0.029    -1.226 r  clk_wiz_0_inst/inst/clkout2_buf/O
                         net (fo=14, routed)          0.870    -0.357    task2_inst/clkB_i
    SLICE_X2Y63          FDCE                                         r  task2_inst/toggleB_ff_reg/C
                         clock pessimism             -0.232    -0.588    
    SLICE_X2Y63          FDCE (Hold_fdce_C_D)         0.053    -0.535    task2_inst/toggleB_ff_reg
  -------------------------------------------------------------------
                         required time                          0.535    
                         arrival time                          -0.045    
  -------------------------------------------------------------------
                         slack                                  0.490    

Slack (MET) :             0.511ns  (arrival time - required time)
  Source:                 task2_inst/syncB_ff_reg[1]/C
                            (rising edge-triggered cell FDCE clocked by clk_out2_clk_wiz_0  {rise@0.000ns fall@12.857ns period=25.714ns})
  Destination:            task2_inst/dataB_valid_o_reg/D
                            (rising edge-triggered cell FDCE clocked by clk_out2_clk_wiz_0  {rise@0.000ns fall@12.857ns period=25.714ns})
  Path Group:             clk_out2_clk_wiz_0
  Path Type:              Hold (Min at Fast Process Corner)
  Requirement:            0.000ns  (clk_out2_clk_wiz_0 rise@0.000ns - clk_out2_clk_wiz_0 rise@0.000ns)
  Data Path Delay:        0.572ns  (logic 0.209ns (36.545%)  route 0.363ns (63.455%))
  Logic Levels:           1  (LUT2=1)
  Clock Path Skew:        0.015ns (DCD - SCD - CPR)
    Destination Clock Delay (DCD):    -0.357ns
    Source Clock Delay      (SCD):    -0.588ns
    Clock Pessimism Removal (CPR):    0.217ns

    Location             Delay type                Incr(ns)  Path(ns)    Netlist Resource(s)
  -------------------------------------------------------------------    -------------------
                         (clock clk_out2_clk_wiz_0 rise edge)
                                                      0.000     0.000 r  
    N15                                               0.000     0.000 r  clk_i (IN)
                         net (fo=0)                   0.000     0.000    clk_wiz_0_inst/inst/clk_in1
    N15                  IBUF (Prop_ibuf_I_O)         0.177     0.177 r  clk_wiz_0_inst/inst/clkin1_ibufg/O
                         net (fo=1, routed)           0.440     0.617    clk_wiz_0_inst/inst/clk_in1_clk_wiz_0
    PLLE2_ADV_X0Y1       PLLE2_ADV (Prop_plle2_adv_CLKIN1_CLKOUT1)
                                                     -2.339    -1.722 r  clk_wiz_0_inst/inst/plle2_adv_inst/CLKOUT1
                         net (fo=1, routed)           0.510    -1.212    clk_wiz_0_inst/inst/clk_out2_clk_wiz_0
    BUFGCTRL_X0Y0        BUFG (Prop_bufg_I_O)         0.026    -1.186 r  clk_wiz_0_inst/inst/clkout2_buf/O
                         net (fo=14, routed)          0.598    -0.588    task2_inst/clkB_i
    SLICE_X2Y63          FDCE                                         r  task2_inst/syncB_ff_reg[1]/C
  -------------------------------------------------------------------    -------------------
    SLICE_X2Y63          FDCE (Prop_fdce_C_Q)         0.164    -0.424 r  task2_inst/syncB_ff_reg[1]/Q
                         net (fo=2, routed)           0.236    -0.189    task2_inst/syncB_ff_reg_n_0_[1]
    SLICE_X2Y63          LUT2 (Prop_lut2_I1_O)        0.045    -0.144 r  task2_inst/dataB_o[7]_i_1/O
                         net (fo=9, routed)           0.127    -0.016    task2_inst/ackB_pulse
    SLICE_X0Y63          FDCE                                         r  task2_inst/dataB_valid_o_reg/D
  -------------------------------------------------------------------    -------------------

                         (clock clk_out2_clk_wiz_0 rise edge)
                                                      0.000     0.000 r  
    N15                                               0.000     0.000 r  clk_i (IN)
                         net (fo=0)                   0.000     0.000    clk_wiz_0_inst/inst/clk_in1
    N15                  IBUF (Prop_ibuf_I_O)         0.365     0.365 r  clk_wiz_0_inst/inst/clkin1_ibufg/O
                         net (fo=1, routed)           0.481     0.846    clk_wiz_0_inst/inst/clk_in1_clk_wiz_0
    PLLE2_ADV_X0Y1       PLLE2_ADV (Prop_plle2_adv_CLKIN1_CLKOUT1)
                                                     -2.657    -1.811 r  clk_wiz_0_inst/inst/plle2_adv_inst/CLKOUT1
                         net (fo=1, routed)           0.556    -1.255    clk_wiz_0_inst/inst/clk_out2_clk_wiz_0
    BUFGCTRL_X0Y0        BUFG (Prop_bufg_I_O)         0.029    -1.226 r  clk_wiz_0_inst/inst/clkout2_buf/O
                         net (fo=14, routed)          0.870    -0.357    task2_inst/clkB_i
    SLICE_X0Y63          FDCE                                         r  task2_inst/dataB_valid_o_reg/C
                         clock pessimism             -0.217    -0.573    
    SLICE_X0Y63          FDCE (Hold_fdce_C_D)         0.046    -0.527    task2_inst/dataB_valid_o_reg
  -------------------------------------------------------------------
                         required time                          0.527    
                         arrival time                          -0.016    
  -------------------------------------------------------------------
                         slack                                  0.511    

Slack (MET) :             0.601ns  (arrival time - required time)
  Source:                 task2_inst/syncB_ff_reg[1]/C
                            (rising edge-triggered cell FDCE clocked by clk_out2_clk_wiz_0  {rise@0.000ns fall@12.857ns period=25.714ns})
  Destination:            task2_inst/dataB_o_reg[0]/CE
                            (rising edge-triggered cell FDCE clocked by clk_out2_clk_wiz_0  {rise@0.000ns fall@12.857ns period=25.714ns})
  Path Group:             clk_out2_clk_wiz_0
  Path Type:              Hold (Min at Fast Process Corner)
  Requirement:            0.000ns  (clk_out2_clk_wiz_0 rise@0.000ns - clk_out2_clk_wiz_0 rise@0.000ns)
  Data Path Delay:        0.578ns  (logic 0.209ns (36.138%)  route 0.369ns (63.862%))
  Logic Levels:           1  (LUT2=1)
  Clock Path Skew:        0.016ns (DCD - SCD - CPR)
    Destination Clock Delay (DCD):    -0.356ns
    Source Clock Delay      (SCD):    -0.588ns
    Clock Pessimism Removal (CPR):    0.217ns

    Location             Delay type                Incr(ns)  Path(ns)    Netlist Resource(s)
  -------------------------------------------------------------------    -------------------
                         (clock clk_out2_clk_wiz_0 rise edge)
                                                      0.000     0.000 r  
    N15                                               0.000     0.000 r  clk_i (IN)
                         net (fo=0)                   0.000     0.000    clk_wiz_0_inst/inst/clk_in1
    N15                  IBUF (Prop_ibuf_I_O)         0.177     0.177 r  clk_wiz_0_inst/inst/clkin1_ibufg/O
                         net (fo=1, routed)           0.440     0.617    clk_wiz_0_inst/inst/clk_in1_clk_wiz_0
    PLLE2_ADV_X0Y1       PLLE2_ADV (Prop_plle2_adv_CLKIN1_CLKOUT1)
                                                     -2.339    -1.722 r  clk_wiz_0_inst/inst/plle2_adv_inst/CLKOUT1
                         net (fo=1, routed)           0.510    -1.212    clk_wiz_0_inst/inst/clk_out2_clk_wiz_0
    BUFGCTRL_X0Y0        BUFG (Prop_bufg_I_O)         0.026    -1.186 r  clk_wiz_0_inst/inst/clkout2_buf/O
                         net (fo=14, routed)          0.598    -0.588    task2_inst/clkB_i
    SLICE_X2Y63          FDCE                                         r  task2_inst/syncB_ff_reg[1]/C
  -------------------------------------------------------------------    -------------------
    SLICE_X2Y63          FDCE (Prop_fdce_C_Q)         0.164    -0.424 r  task2_inst/syncB_ff_reg[1]/Q
                         net (fo=2, routed)           0.236    -0.189    task2_inst/syncB_ff_reg_n_0_[1]
    SLICE_X2Y63          LUT2 (Prop_lut2_I1_O)        0.045    -0.144 r  task2_inst/dataB_o[7]_i_1/O
                         net (fo=9, routed)           0.134    -0.010    task2_inst/ackB_pulse
    SLICE_X3Y62          FDCE                                         r  task2_inst/dataB_o_reg[0]/CE
  -------------------------------------------------------------------    -------------------

                         (clock clk_out2_clk_wiz_0 rise edge)
                                                      0.000     0.000 r  
    N15                                               0.000     0.000 r  clk_i (IN)
                         net (fo=0)                   0.000     0.000    clk_wiz_0_inst/inst/clk_in1
    N15                  IBUF (Prop_ibuf_I_O)         0.365     0.365 r  clk_wiz_0_inst/inst/clkin1_ibufg/O
                         net (fo=1, routed)           0.481     0.846    clk_wiz_0_inst/inst/clk_in1_clk_wiz_0
    PLLE2_ADV_X0Y1       PLLE2_ADV (Prop_plle2_adv_CLKIN1_CLKOUT1)
                                                     -2.657    -1.811 r  clk_wiz_0_inst/inst/plle2_adv_inst/CLKOUT1
                         net (fo=1, routed)           0.556    -1.255    clk_wiz_0_inst/inst/clk_out2_clk_wiz_0
    BUFGCTRL_X0Y0        BUFG (Prop_bufg_I_O)         0.029    -1.226 r  clk_wiz_0_inst/inst/clkout2_buf/O
                         net (fo=14, routed)          0.871    -0.356    task2_inst/clkB_i
    SLICE_X3Y62          FDCE                                         r  task2_inst/dataB_o_reg[0]/C
                         clock pessimism             -0.217    -0.572    
    SLICE_X3Y62          FDCE (Hold_fdce_C_CE)       -0.039    -0.611    task2_inst/dataB_o_reg[0]
  -------------------------------------------------------------------
                         required time                          0.611    
                         arrival time                          -0.010    
  -------------------------------------------------------------------
                         slack                                  0.601    

Slack (MET) :             0.601ns  (arrival time - required time)
  Source:                 task2_inst/syncB_ff_reg[1]/C
                            (rising edge-triggered cell FDCE clocked by clk_out2_clk_wiz_0  {rise@0.000ns fall@12.857ns period=25.714ns})
  Destination:            task2_inst/dataB_o_reg[1]/CE
                            (rising edge-triggered cell FDCE clocked by clk_out2_clk_wiz_0  {rise@0.000ns fall@12.857ns period=25.714ns})
  Path Group:             clk_out2_clk_wiz_0
  Path Type:              Hold (Min at Fast Process Corner)
  Requirement:            0.000ns  (clk_out2_clk_wiz_0 rise@0.000ns - clk_out2_clk_wiz_0 rise@0.000ns)
  Data Path Delay:        0.578ns  (logic 0.209ns (36.138%)  route 0.369ns (63.862%))
  Logic Levels:           1  (LUT2=1)
  Clock Path Skew:        0.016ns (DCD - SCD - CPR)
    Destination Clock Delay (DCD):    -0.356ns
    Source Clock Delay      (SCD):    -0.588ns
    Clock Pessimism Removal (CPR):    0.217ns

    Location             Delay type                Incr(ns)  Path(ns)    Netlist Resource(s)
  -------------------------------------------------------------------    -------------------
                         (clock clk_out2_clk_wiz_0 rise edge)
                                                      0.000     0.000 r  
    N15                                               0.000     0.000 r  clk_i (IN)
                         net (fo=0)                   0.000     0.000    clk_wiz_0_inst/inst/clk_in1
    N15                  IBUF (Prop_ibuf_I_O)         0.177     0.177 r  clk_wiz_0_inst/inst/clkin1_ibufg/O
                         net (fo=1, routed)           0.440     0.617    clk_wiz_0_inst/inst/clk_in1_clk_wiz_0
    PLLE2_ADV_X0Y1       PLLE2_ADV (Prop_plle2_adv_CLKIN1_CLKOUT1)
                                                     -2.339    -1.722 r  clk_wiz_0_inst/inst/plle2_adv_inst/CLKOUT1
                         net (fo=1, routed)           0.510    -1.212    clk_wiz_0_inst/inst/clk_out2_clk_wiz_0
    BUFGCTRL_X0Y0        BUFG (Prop_bufg_I_O)         0.026    -1.186 r  clk_wiz_0_inst/inst/clkout2_buf/O
                         net (fo=14, routed)          0.598    -0.588    task2_inst/clkB_i
    SLICE_X2Y63          FDCE                                         r  task2_inst/syncB_ff_reg[1]/C
  -------------------------------------------------------------------    -------------------
    SLICE_X2Y63          FDCE (Prop_fdce_C_Q)         0.164    -0.424 r  task2_inst/syncB_ff_reg[1]/Q
                         net (fo=2, routed)           0.236    -0.189    task2_inst/syncB_ff_reg_n_0_[1]
    SLICE_X2Y63          LUT2 (Prop_lut2_I1_O)        0.045    -0.144 r  task2_inst/dataB_o[7]_i_1/O
                         net (fo=9, routed)           0.134    -0.010    task2_inst/ackB_pulse
    SLICE_X3Y62          FDCE                                         r  task2_inst/dataB_o_reg[1]/CE
  -------------------------------------------------------------------    -------------------

                         (clock clk_out2_clk_wiz_0 rise edge)
                                                      0.000     0.000 r  
    N15                                               0.000     0.000 r  clk_i (IN)
                         net (fo=0)                   0.000     0.000    clk_wiz_0_inst/inst/clk_in1
    N15                  IBUF (Prop_ibuf_I_O)         0.365     0.365 r  clk_wiz_0_inst/inst/clkin1_ibufg/O
                         net (fo=1, routed)           0.481     0.846    clk_wiz_0_inst/inst/clk_in1_clk_wiz_0
    PLLE2_ADV_X0Y1       PLLE2_ADV (Prop_plle2_adv_CLKIN1_CLKOUT1)
                                                     -2.657    -1.811 r  clk_wiz_0_inst/inst/plle2_adv_inst/CLKOUT1
                         net (fo=1, routed)           0.556    -1.255    clk_wiz_0_inst/inst/clk_out2_clk_wiz_0
    BUFGCTRL_X0Y0        BUFG (Prop_bufg_I_O)         0.029    -1.226 r  clk_wiz_0_inst/inst/clkout2_buf/O
                         net (fo=14, routed)          0.871    -0.356    task2_inst/clkB_i
    SLICE_X3Y62          FDCE                                         r  task2_inst/dataB_o_reg[1]/C
                         clock pessimism             -0.217    -0.572    
    SLICE_X3Y62          FDCE (Hold_fdce_C_CE)       -0.039    -0.611    task2_inst/dataB_o_reg[1]
  -------------------------------------------------------------------
                         required time                          0.611    
                         arrival time                          -0.010    
  -------------------------------------------------------------------
                         slack                                  0.601    

Slack (MET) :             0.601ns  (arrival time - required time)
  Source:                 task2_inst/syncB_ff_reg[1]/C
                            (rising edge-triggered cell FDCE clocked by clk_out2_clk_wiz_0  {rise@0.000ns fall@12.857ns period=25.714ns})
  Destination:            task2_inst/dataB_o_reg[2]/CE
                            (rising edge-triggered cell FDCE clocked by clk_out2_clk_wiz_0  {rise@0.000ns fall@12.857ns period=25.714ns})
  Path Group:             clk_out2_clk_wiz_0
  Path Type:              Hold (Min at Fast Process Corner)
  Requirement:            0.000ns  (clk_out2_clk_wiz_0 rise@0.000ns - clk_out2_clk_wiz_0 rise@0.000ns)
  Data Path Delay:        0.578ns  (logic 0.209ns (36.138%)  route 0.369ns (63.862%))
  Logic Levels:           1  (LUT2=1)
  Clock Path Skew:        0.016ns (DCD - SCD - CPR)
    Destination Clock Delay (DCD):    -0.356ns
    Source Clock Delay      (SCD):    -0.588ns
    Clock Pessimism Removal (CPR):    0.217ns

    Location             Delay type                Incr(ns)  Path(ns)    Netlist Resource(s)
  -------------------------------------------------------------------    -------------------
                         (clock clk_out2_clk_wiz_0 rise edge)
                                                      0.000     0.000 r  
    N15                                               0.000     0.000 r  clk_i (IN)
                         net (fo=0)                   0.000     0.000    clk_wiz_0_inst/inst/clk_in1
    N15                  IBUF (Prop_ibuf_I_O)         0.177     0.177 r  clk_wiz_0_inst/inst/clkin1_ibufg/O
                         net (fo=1, routed)           0.440     0.617    clk_wiz_0_inst/inst/clk_in1_clk_wiz_0
    PLLE2_ADV_X0Y1       PLLE2_ADV (Prop_plle2_adv_CLKIN1_CLKOUT1)
                                                     -2.339    -1.722 r  clk_wiz_0_inst/inst/plle2_adv_inst/CLKOUT1
                         net (fo=1, routed)           0.510    -1.212    clk_wiz_0_inst/inst/clk_out2_clk_wiz_0
    BUFGCTRL_X0Y0        BUFG (Prop_bufg_I_O)         0.026    -1.186 r  clk_wiz_0_inst/inst/clkout2_buf/O
                         net (fo=14, routed)          0.598    -0.588    task2_inst/clkB_i
    SLICE_X2Y63          FDCE                                         r  task2_inst/syncB_ff_reg[1]/C
  -------------------------------------------------------------------    -------------------
    SLICE_X2Y63          FDCE (Prop_fdce_C_Q)         0.164    -0.424 r  task2_inst/syncB_ff_reg[1]/Q
                         net (fo=2, routed)           0.236    -0.189    task2_inst/syncB_ff_reg_n_0_[1]
    SLICE_X2Y63          LUT2 (Prop_lut2_I1_O)        0.045    -0.144 r  task2_inst/dataB_o[7]_i_1/O
                         net (fo=9, routed)           0.134    -0.010    task2_inst/ackB_pulse
    SLICE_X3Y62          FDCE                                         r  task2_inst/dataB_o_reg[2]/CE
  -------------------------------------------------------------------    -------------------

                         (clock clk_out2_clk_wiz_0 rise edge)
                                                      0.000     0.000 r  
    N15                                               0.000     0.000 r  clk_i (IN)
                         net (fo=0)                   0.000     0.000    clk_wiz_0_inst/inst/clk_in1
    N15                  IBUF (Prop_ibuf_I_O)         0.365     0.365 r  clk_wiz_0_inst/inst/clkin1_ibufg/O
                         net (fo=1, routed)           0.481     0.846    clk_wiz_0_inst/inst/clk_in1_clk_wiz_0
    PLLE2_ADV_X0Y1       PLLE2_ADV (Prop_plle2_adv_CLKIN1_CLKOUT1)
                                                     -2.657    -1.811 r  clk_wiz_0_inst/inst/plle2_adv_inst/CLKOUT1
                         net (fo=1, routed)           0.556    -1.255    clk_wiz_0_inst/inst/clk_out2_clk_wiz_0
    BUFGCTRL_X0Y0        BUFG (Prop_bufg_I_O)         0.029    -1.226 r  clk_wiz_0_inst/inst/clkout2_buf/O
                         net (fo=14, routed)          0.871    -0.356    task2_inst/clkB_i
    SLICE_X3Y62          FDCE                                         r  task2_inst/dataB_o_reg[2]/C
                         clock pessimism             -0.217    -0.572    
    SLICE_X3Y62          FDCE (Hold_fdce_C_CE)       -0.039    -0.611    task2_inst/dataB_o_reg[2]
  -------------------------------------------------------------------
                         required time                          0.611    
                         arrival time                          -0.010    
  -------------------------------------------------------------------
                         slack                                  0.601    

Slack (MET) :             0.601ns  (arrival time - required time)
  Source:                 task2_inst/syncB_ff_reg[1]/C
                            (rising edge-triggered cell FDCE clocked by clk_out2_clk_wiz_0  {rise@0.000ns fall@12.857ns period=25.714ns})
  Destination:            task2_inst/dataB_o_reg[3]/CE
                            (rising edge-triggered cell FDCE clocked by clk_out2_clk_wiz_0  {rise@0.000ns fall@12.857ns period=25.714ns})
  Path Group:             clk_out2_clk_wiz_0
  Path Type:              Hold (Min at Fast Process Corner)
  Requirement:            0.000ns  (clk_out2_clk_wiz_0 rise@0.000ns - clk_out2_clk_wiz_0 rise@0.000ns)
  Data Path Delay:        0.578ns  (logic 0.209ns (36.138%)  route 0.369ns (63.862%))
  Logic Levels:           1  (LUT2=1)
  Clock Path Skew:        0.016ns (DCD - SCD - CPR)
    Destination Clock Delay (DCD):    -0.356ns
    Source Clock Delay      (SCD):    -0.588ns
    Clock Pessimism Removal (CPR):    0.217ns

    Location             Delay type                Incr(ns)  Path(ns)    Netlist Resource(s)
  -------------------------------------------------------------------    -------------------
                         (clock clk_out2_clk_wiz_0 rise edge)
                                                      0.000     0.000 r  
    N15                                               0.000     0.000 r  clk_i (IN)
                         net (fo=0)                   0.000     0.000    clk_wiz_0_inst/inst/clk_in1
    N15                  IBUF (Prop_ibuf_I_O)         0.177     0.177 r  clk_wiz_0_inst/inst/clkin1_ibufg/O
                         net (fo=1, routed)           0.440     0.617    clk_wiz_0_inst/inst/clk_in1_clk_wiz_0
    PLLE2_ADV_X0Y1       PLLE2_ADV (Prop_plle2_adv_CLKIN1_CLKOUT1)
                                                     -2.339    -1.722 r  clk_wiz_0_inst/inst/plle2_adv_inst/CLKOUT1
                         net (fo=1, routed)           0.510    -1.212    clk_wiz_0_inst/inst/clk_out2_clk_wiz_0
    BUFGCTRL_X0Y0        BUFG (Prop_bufg_I_O)         0.026    -1.186 r  clk_wiz_0_inst/inst/clkout2_buf/O
                         net (fo=14, routed)          0.598    -0.588    task2_inst/clkB_i
    SLICE_X2Y63          FDCE                                         r  task2_inst/syncB_ff_reg[1]/C
  -------------------------------------------------------------------    -------------------
    SLICE_X2Y63          FDCE (Prop_fdce_C_Q)         0.164    -0.424 r  task2_inst/syncB_ff_reg[1]/Q
                         net (fo=2, routed)           0.236    -0.189    task2_inst/syncB_ff_reg_n_0_[1]
    SLICE_X2Y63          LUT2 (Prop_lut2_I1_O)        0.045    -0.144 r  task2_inst/dataB_o[7]_i_1/O
                         net (fo=9, routed)           0.134    -0.010    task2_inst/ackB_pulse
    SLICE_X3Y62          FDCE                                         r  task2_inst/dataB_o_reg[3]/CE
  -------------------------------------------------------------------    -------------------

                         (clock clk_out2_clk_wiz_0 rise edge)
                                                      0.000     0.000 r  
    N15                                               0.000     0.000 r  clk_i (IN)
                         net (fo=0)                   0.000     0.000    clk_wiz_0_inst/inst/clk_in1
    N15                  IBUF (Prop_ibuf_I_O)         0.365     0.365 r  clk_wiz_0_inst/inst/clkin1_ibufg/O
                         net (fo=1, routed)           0.481     0.846    clk_wiz_0_inst/inst/clk_in1_clk_wiz_0
    PLLE2_ADV_X0Y1       PLLE2_ADV (Prop_plle2_adv_CLKIN1_CLKOUT1)
                                                     -2.657    -1.811 r  clk_wiz_0_inst/inst/plle2_adv_inst/CLKOUT1
                         net (fo=1, routed)           0.556    -1.255    clk_wiz_0_inst/inst/clk_out2_clk_wiz_0
    BUFGCTRL_X0Y0        BUFG (Prop_bufg_I_O)         0.029    -1.226 r  clk_wiz_0_inst/inst/clkout2_buf/O
                         net (fo=14, routed)          0.871    -0.356    task2_inst/clkB_i
    SLICE_X3Y62          FDCE                                         r  task2_inst/dataB_o_reg[3]/C
                         clock pessimism             -0.217    -0.572    
    SLICE_X3Y62          FDCE (Hold_fdce_C_CE)       -0.039    -0.611    task2_inst/dataB_o_reg[3]
  -------------------------------------------------------------------
                         required time                          0.611    
                         arrival time                          -0.010    
  -------------------------------------------------------------------
                         slack                                  0.601    

Slack (MET) :             0.648ns  (arrival time - required time)
  Source:                 task2_inst/syncB_ff_reg[1]/C
                            (rising edge-triggered cell FDCE clocked by clk_out2_clk_wiz_0  {rise@0.000ns fall@12.857ns period=25.714ns})
  Destination:            task2_inst/dataB_o_reg[4]/CE
                            (rising edge-triggered cell FDCE clocked by clk_out2_clk_wiz_0  {rise@0.000ns fall@12.857ns period=25.714ns})
  Path Group:             clk_out2_clk_wiz_0
  Path Type:              Hold (Min at Fast Process Corner)
  Requirement:            0.000ns  (clk_out2_clk_wiz_0 rise@0.000ns - clk_out2_clk_wiz_0 rise@0.000ns)
  Data Path Delay:        0.625ns  (logic 0.209ns (33.428%)  route 0.416ns (66.572%))
  Logic Levels:           1  (LUT2=1)
  Clock Path Skew:        0.016ns (DCD - SCD - CPR)
    Destination Clock Delay (DCD):    -0.356ns
    Source Clock Delay      (SCD):    -0.588ns
    Clock Pessimism Removal (CPR):    0.217ns

    Location             Delay type                Incr(ns)  Path(ns)    Netlist Resource(s)
  -------------------------------------------------------------------    -------------------
                         (clock clk_out2_clk_wiz_0 rise edge)
                                                      0.000     0.000 r  
    N15                                               0.000     0.000 r  clk_i (IN)
                         net (fo=0)                   0.000     0.000    clk_wiz_0_inst/inst/clk_in1
    N15                  IBUF (Prop_ibuf_I_O)         0.177     0.177 r  clk_wiz_0_inst/inst/clkin1_ibufg/O
                         net (fo=1, routed)           0.440     0.617    clk_wiz_0_inst/inst/clk_in1_clk_wiz_0
    PLLE2_ADV_X0Y1       PLLE2_ADV (Prop_plle2_adv_CLKIN1_CLKOUT1)
                                                     -2.339    -1.722 r  clk_wiz_0_inst/inst/plle2_adv_inst/CLKOUT1
                         net (fo=1, routed)           0.510    -1.212    clk_wiz_0_inst/inst/clk_out2_clk_wiz_0
    BUFGCTRL_X0Y0        BUFG (Prop_bufg_I_O)         0.026    -1.186 r  clk_wiz_0_inst/inst/clkout2_buf/O
                         net (fo=14, routed)          0.598    -0.588    task2_inst/clkB_i
    SLICE_X2Y63          FDCE                                         r  task2_inst/syncB_ff_reg[1]/C
  -------------------------------------------------------------------    -------------------
    SLICE_X2Y63          FDCE (Prop_fdce_C_Q)         0.164    -0.424 r  task2_inst/syncB_ff_reg[1]/Q
                         net (fo=2, routed)           0.236    -0.189    task2_inst/syncB_ff_reg_n_0_[1]
    SLICE_X2Y63          LUT2 (Prop_lut2_I1_O)        0.045    -0.144 r  task2_inst/dataB_o[7]_i_1/O
                         net (fo=9, routed)           0.181     0.037    task2_inst/ackB_pulse
    SLICE_X1Y62          FDCE                                         r  task2_inst/dataB_o_reg[4]/CE
  -------------------------------------------------------------------    -------------------

                         (clock clk_out2_clk_wiz_0 rise edge)
                                                      0.000     0.000 r  
    N15                                               0.000     0.000 r  clk_i (IN)
                         net (fo=0)                   0.000     0.000    clk_wiz_0_inst/inst/clk_in1
    N15                  IBUF (Prop_ibuf_I_O)         0.365     0.365 r  clk_wiz_0_inst/inst/clkin1_ibufg/O
                         net (fo=1, routed)           0.481     0.846    clk_wiz_0_inst/inst/clk_in1_clk_wiz_0
    PLLE2_ADV_X0Y1       PLLE2_ADV (Prop_plle2_adv_CLKIN1_CLKOUT1)
                                                     -2.657    -1.811 r  clk_wiz_0_inst/inst/plle2_adv_inst/CLKOUT1
                         net (fo=1, routed)           0.556    -1.255    clk_wiz_0_inst/inst/clk_out2_clk_wiz_0
    BUFGCTRL_X0Y0        BUFG (Prop_bufg_I_O)         0.029    -1.226 r  clk_wiz_0_inst/inst/clkout2_buf/O
                         net (fo=14, routed)          0.871    -0.356    task2_inst/clkB_i
    SLICE_X1Y62          FDCE                                         r  task2_inst/dataB_o_reg[4]/C
                         clock pessimism             -0.217    -0.572    
    SLICE_X1Y62          FDCE (Hold_fdce_C_CE)       -0.039    -0.611    task2_inst/dataB_o_reg[4]
  -------------------------------------------------------------------
                         required time                          0.611    
                         arrival time                           0.037    
  -------------------------------------------------------------------
                         slack                                  0.648    

Slack (MET) :             0.648ns  (arrival time - required time)
  Source:                 task2_inst/syncB_ff_reg[1]/C
                            (rising edge-triggered cell FDCE clocked by clk_out2_clk_wiz_0  {rise@0.000ns fall@12.857ns period=25.714ns})
  Destination:            task2_inst/dataB_o_reg[5]/CE
                            (rising edge-triggered cell FDCE clocked by clk_out2_clk_wiz_0  {rise@0.000ns fall@12.857ns period=25.714ns})
  Path Group:             clk_out2_clk_wiz_0
  Path Type:              Hold (Min at Fast Process Corner)
  Requirement:            0.000ns  (clk_out2_clk_wiz_0 rise@0.000ns - clk_out2_clk_wiz_0 rise@0.000ns)
  Data Path Delay:        0.625ns  (logic 0.209ns (33.428%)  route 0.416ns (66.572%))
  Logic Levels:           1  (LUT2=1)
  Clock Path Skew:        0.016ns (DCD - SCD - CPR)
    Destination Clock Delay (DCD):    -0.356ns
    Source Clock Delay      (SCD):    -0.588ns
    Clock Pessimism Removal (CPR):    0.217ns

    Location             Delay type                Incr(ns)  Path(ns)    Netlist Resource(s)
  -------------------------------------------------------------------    -------------------
                         (clock clk_out2_clk_wiz_0 rise edge)
                                                      0.000     0.000 r  
    N15                                               0.000     0.000 r  clk_i (IN)
                         net (fo=0)                   0.000     0.000    clk_wiz_0_inst/inst/clk_in1
    N15                  IBUF (Prop_ibuf_I_O)         0.177     0.177 r  clk_wiz_0_inst/inst/clkin1_ibufg/O
                         net (fo=1, routed)           0.440     0.617    clk_wiz_0_inst/inst/clk_in1_clk_wiz_0
    PLLE2_ADV_X0Y1       PLLE2_ADV (Prop_plle2_adv_CLKIN1_CLKOUT1)
                                                     -2.339    -1.722 r  clk_wiz_0_inst/inst/plle2_adv_inst/CLKOUT1
                         net (fo=1, routed)           0.510    -1.212    clk_wiz_0_inst/inst/clk_out2_clk_wiz_0
    BUFGCTRL_X0Y0        BUFG (Prop_bufg_I_O)         0.026    -1.186 r  clk_wiz_0_inst/inst/clkout2_buf/O
                         net (fo=14, routed)          0.598    -0.588    task2_inst/clkB_i
    SLICE_X2Y63          FDCE                                         r  task2_inst/syncB_ff_reg[1]/C
  -------------------------------------------------------------------    -------------------
    SLICE_X2Y63          FDCE (Prop_fdce_C_Q)         0.164    -0.424 r  task2_inst/syncB_ff_reg[1]/Q
                         net (fo=2, routed)           0.236    -0.189    task2_inst/syncB_ff_reg_n_0_[1]
    SLICE_X2Y63          LUT2 (Prop_lut2_I1_O)        0.045    -0.144 r  task2_inst/dataB_o[7]_i_1/O
                         net (fo=9, routed)           0.181     0.037    task2_inst/ackB_pulse
    SLICE_X1Y62          FDCE                                         r  task2_inst/dataB_o_reg[5]/CE
  -------------------------------------------------------------------    -------------------

                         (clock clk_out2_clk_wiz_0 rise edge)
                                                      0.000     0.000 r  
    N15                                               0.000     0.000 r  clk_i (IN)
                         net (fo=0)                   0.000     0.000    clk_wiz_0_inst/inst/clk_in1
    N15                  IBUF (Prop_ibuf_I_O)         0.365     0.365 r  clk_wiz_0_inst/inst/clkin1_ibufg/O
                         net (fo=1, routed)           0.481     0.846    clk_wiz_0_inst/inst/clk_in1_clk_wiz_0
    PLLE2_ADV_X0Y1       PLLE2_ADV (Prop_plle2_adv_CLKIN1_CLKOUT1)
                                                     -2.657    -1.811 r  clk_wiz_0_inst/inst/plle2_adv_inst/CLKOUT1
                         net (fo=1, routed)           0.556    -1.255    clk_wiz_0_inst/inst/clk_out2_clk_wiz_0
    BUFGCTRL_X0Y0        BUFG (Prop_bufg_I_O)         0.029    -1.226 r  clk_wiz_0_inst/inst/clkout2_buf/O
                         net (fo=14, routed)          0.871    -0.356    task2_inst/clkB_i
    SLICE_X1Y62          FDCE                                         r  task2_inst/dataB_o_reg[5]/C
                         clock pessimism             -0.217    -0.572    
    SLICE_X1Y62          FDCE (Hold_fdce_C_CE)       -0.039    -0.611    task2_inst/dataB_o_reg[5]
  -------------------------------------------------------------------
                         required time                          0.611    
                         arrival time                           0.037    
  -------------------------------------------------------------------
                         slack                                  0.648    





Pulse Width Checks
--------------------------------------------------------------------------------------
Clock Name:         clk_out2_clk_wiz_0
Waveform(ns):       { 0.000 12.857 }
Period(ns):         25.714
Sources:            { clk_wiz_0_inst/inst/plle2_adv_inst/CLKOUT1 }

Check Type        Corner  Lib Pin            Reference Pin  Required(ns)  Actual(ns)  Slack(ns)  Location        Pin
Min Period        n/a     BUFG/I             n/a            2.155         25.714      23.559     BUFGCTRL_X0Y0   clk_wiz_0_inst/inst/clkout2_buf/I
Min Period        n/a     PLLE2_ADV/CLKOUT1  n/a            1.249         25.714      24.465     PLLE2_ADV_X0Y1  clk_wiz_0_inst/inst/plle2_adv_inst/CLKOUT1
Min Period        n/a     FDCE/C             n/a            1.000         25.714      24.714     SLICE_X3Y62     task2_inst/dataB_o_reg[0]/C
Min Period        n/a     FDCE/C             n/a            1.000         25.714      24.714     SLICE_X3Y62     task2_inst/dataB_o_reg[1]/C
Min Period        n/a     FDCE/C             n/a            1.000         25.714      24.714     SLICE_X3Y62     task2_inst/dataB_o_reg[2]/C
Min Period        n/a     FDCE/C             n/a            1.000         25.714      24.714     SLICE_X3Y62     task2_inst/dataB_o_reg[3]/C
Min Period        n/a     FDCE/C             n/a            1.000         25.714      24.714     SLICE_X1Y62     task2_inst/dataB_o_reg[4]/C
Min Period        n/a     FDCE/C             n/a            1.000         25.714      24.714     SLICE_X1Y62     task2_inst/dataB_o_reg[5]/C
Min Period        n/a     FDCE/C             n/a            1.000         25.714      24.714     SLICE_X1Y62     task2_inst/dataB_o_reg[6]/C
Min Period        n/a     FDCE/C             n/a            1.000         25.714      24.714     SLICE_X1Y62     task2_inst/dataB_o_reg[7]/C
Max Period        n/a     PLLE2_ADV/CLKOUT1  n/a            160.000       25.714      134.286    PLLE2_ADV_X0Y1  clk_wiz_0_inst/inst/plle2_adv_inst/CLKOUT1
Low Pulse Width   Fast    FDCE/C             n/a            0.500         12.857      12.357     SLICE_X0Y63     task2_inst/dataB_valid_o_reg/C
Low Pulse Width   Fast    FDCE/C             n/a            0.500         12.857      12.357     SLICE_X2Y63     task2_inst/reqB_ff_reg/C
Low Pulse Width   Fast    FDCE/C             n/a            0.500         12.857      12.357     SLICE_X0Y63     task2_inst/syncB_ff_reg[0]/C
Low Pulse Width   Fast    FDCE/C             n/a            0.500         12.857      12.357     SLICE_X2Y63     task2_inst/syncB_ff_reg[1]/C
Low Pulse Width   Fast    FDCE/C             n/a            0.500         12.857      12.357     SLICE_X2Y63     task2_inst/syncB_ff_reg[2]/C
Low Pulse Width   Fast    FDCE/C             n/a            0.500         12.857      12.357     SLICE_X2Y63     task2_inst/toggleB_ff_reg/C
Low Pulse Width   Fast    FDCE/C             n/a            0.500         12.857      12.357     SLICE_X3Y62     task2_inst/dataB_o_reg[0]/C
Low Pulse Width   Fast    FDCE/C             n/a            0.500         12.857      12.357     SLICE_X3Y62     task2_inst/dataB_o_reg[1]/C
Low Pulse Width   Fast    FDCE/C             n/a            0.500         12.857      12.357     SLICE_X3Y62     task2_inst/dataB_o_reg[2]/C
Low Pulse Width   Fast    FDCE/C             n/a            0.500         12.857      12.357     SLICE_X3Y62     task2_inst/dataB_o_reg[3]/C
High Pulse Width  Slow    FDCE/C             n/a            0.500         12.857      12.357     SLICE_X3Y62     task2_inst/dataB_o_reg[0]/C
High Pulse Width  Fast    FDCE/C             n/a            0.500         12.857      12.357     SLICE_X3Y62     task2_inst/dataB_o_reg[0]/C
High Pulse Width  Slow    FDCE/C             n/a            0.500         12.857      12.357     SLICE_X3Y62     task2_inst/dataB_o_reg[1]/C
High Pulse Width  Fast    FDCE/C             n/a            0.500         12.857      12.357     SLICE_X3Y62     task2_inst/dataB_o_reg[1]/C
High Pulse Width  Slow    FDCE/C             n/a            0.500         12.857      12.357     SLICE_X3Y62     task2_inst/dataB_o_reg[2]/C
High Pulse Width  Fast    FDCE/C             n/a            0.500         12.857      12.357     SLICE_X3Y62     task2_inst/dataB_o_reg[2]/C
High Pulse Width  Slow    FDCE/C             n/a            0.500         12.857      12.357     SLICE_X3Y62     task2_inst/dataB_o_reg[3]/C
High Pulse Width  Fast    FDCE/C             n/a            0.500         12.857      12.357     SLICE_X3Y62     task2_inst/dataB_o_reg[3]/C
High Pulse Width  Slow    FDCE/C             n/a            0.500         12.857      12.357     SLICE_X1Y62     task2_inst/dataB_o_reg[4]/C
High Pulse Width  Fast    FDCE/C             n/a            0.500         12.857      12.357     SLICE_X1Y62     task2_inst/dataB_o_reg[4]/C



---------------------------------------------------------------------------------------------------
From Clock:  clkfbout_clk_wiz_0
  To Clock:  clkfbout_clk_wiz_0

Setup :           NA  Failing Endpoints,  Worst Slack           NA  ,  Total Violation           NA
Hold  :           NA  Failing Endpoints,  Worst Slack           NA  ,  Total Violation           NA
PW    :            0  Failing Endpoints,  Worst Slack        7.845ns,  Total Violation        0.000ns
---------------------------------------------------------------------------------------------------


Pulse Width Checks
--------------------------------------------------------------------------------------
Clock Name:         clkfbout_clk_wiz_0
Waveform(ns):       { 0.000 5.000 }
Period(ns):         10.000
Sources:            { clk_wiz_0_inst/inst/plle2_adv_inst/CLKFBOUT }

Check Type  Corner  Lib Pin             Reference Pin  Required(ns)  Actual(ns)  Slack(ns)  Location        Pin
Min Period  n/a     BUFG/I              n/a            2.155         10.000      7.845      BUFGCTRL_X0Y2   clk_wiz_0_inst/inst/clkf_buf/I
Min Period  n/a     PLLE2_ADV/CLKFBOUT  n/a            1.249         10.000      8.751      PLLE2_ADV_X0Y1  clk_wiz_0_inst/inst/plle2_adv_inst/CLKFBOUT
Min Period  n/a     PLLE2_ADV/CLKFBIN   n/a            1.249         10.000      8.751      PLLE2_ADV_X0Y1  clk_wiz_0_inst/inst/plle2_adv_inst/CLKFBIN
Max Period  n/a     PLLE2_ADV/CLKFBIN   n/a            52.633        10.000      42.633     PLLE2_ADV_X0Y1  clk_wiz_0_inst/inst/plle2_adv_inst/CLKFBIN
Max Period  n/a     PLLE2_ADV/CLKFBOUT  n/a            160.000       10.000      150.000    PLLE2_ADV_X0Y1  clk_wiz_0_inst/inst/plle2_adv_inst/CLKFBOUT



---------------------------------------------------------------------------------------------------
From Clock:  clk_out2_clk_wiz_0
  To Clock:  clk_out1_clk_wiz_0

Setup :            1  Failing Endpoint ,  Worst Slack       -0.752ns,  Total Violation       -0.752ns
Hold  :            0  Failing Endpoints,  Worst Slack        0.127ns,  Total Violation        0.000ns
---------------------------------------------------------------------------------------------------


Max Delay Paths
--------------------------------------------------------------------------------------
Slack (VIOLATED) :        -0.752ns  (required time - arrival time)
  Source:                 task2_inst/toggleB_ff_reg/C
                            (rising edge-triggered cell FDCE clocked by clk_out2_clk_wiz_0  {rise@0.000ns fall@12.857ns period=25.714ns})
  Destination:            task2_inst/syncA_ff_reg[0]/D
                            (rising edge-triggered cell FDCE clocked by clk_out1_clk_wiz_0  {rise@0.000ns fall@17.857ns period=35.714ns})
  Path Group:             clk_out1_clk_wiz_0
  Path Type:              Setup (Max at Slow Process Corner)
  Requirement:            1.429ns  (clk_out1_clk_wiz_0 rise@464.286ns - clk_out2_clk_wiz_0 rise@462.857ns)
  Data Path Delay:        1.557ns  (logic 0.478ns (30.691%)  route 1.079ns (69.309%))
  Logic Levels:           0  
  Clock Path Skew:        -0.205ns (DCD - SCD + CPR)
    Destination Clock Delay (DCD):    -2.546ns = ( 461.740 - 464.286 ) 
    Source Clock Delay      (SCD):    -2.870ns = ( 459.987 - 462.857 ) 
    Clock Pessimism Removal (CPR):    -0.530ns
  Clock Uncertainty:      0.194ns  ((TSJ^2 + DJ^2)^1/2) / 2 + PE
    Total System Jitter     (TSJ):    0.071ns
    Discrete Jitter          (DJ):    0.129ns
    Phase Error              (PE):    0.120ns

    Location             Delay type                Incr(ns)  Path(ns)    Netlist Resource(s)
  -------------------------------------------------------------------    -------------------
                         (clock clk_out2_clk_wiz_0 rise edge)
                                                    462.857   462.857 r  
    N15                                               0.000   462.857 r  clk_i (IN)
                         net (fo=0)                   0.000   462.857    clk_wiz_0_inst/inst/clk_in1
    N15                  IBUF (Prop_ibuf_I_O)         0.948   463.805 r  clk_wiz_0_inst/inst/clkin1_ibufg/O
                         net (fo=1, routed)           1.253   465.058    clk_wiz_0_inst/inst/clk_in1_clk_wiz_0
    PLLE2_ADV_X0Y1       PLLE2_ADV (Prop_plle2_adv_CLKIN1_CLKOUT1)
                                                     -8.590   456.468 r  clk_wiz_0_inst/inst/plle2_adv_inst/CLKOUT1
                         net (fo=1, routed)           1.704   458.172    clk_wiz_0_inst/inst/clk_out2_clk_wiz_0
    BUFGCTRL_X0Y0        BUFG (Prop_bufg_I_O)         0.096   458.268 r  clk_wiz_0_inst/inst/clkout2_buf/O
                         net (fo=14, routed)          1.718   459.987    task2_inst/clkB_i
    SLICE_X2Y63          FDCE                                         r  task2_inst/toggleB_ff_reg/C
  -------------------------------------------------------------------    -------------------
    SLICE_X2Y63          FDCE (Prop_fdce_C_Q)         0.478   460.465 r  task2_inst/toggleB_ff_reg/Q
                         net (fo=3, routed)           1.079   461.544    task2_inst/toggleB_ff
    SLICE_X3Y63          FDCE                                         r  task2_inst/syncA_ff_reg[0]/D
  -------------------------------------------------------------------    -------------------

                         (clock clk_out1_clk_wiz_0 rise edge)
                                                    464.286   464.286 r  
    N15                                               0.000   464.286 r  clk_i (IN)
                         net (fo=0)                   0.000   464.286    clk_wiz_0_inst/inst/clk_in1
    N15                  IBUF (Prop_ibuf_I_O)         0.814   465.100 r  clk_wiz_0_inst/inst/clkin1_ibufg/O
                         net (fo=1, routed)           1.181   466.281    clk_wiz_0_inst/inst/clk_in1_clk_wiz_0
    PLLE2_ADV_X0Y1       PLLE2_ADV (Prop_plle2_adv_CLKIN1_CLKOUT0)
                                                     -7.855   458.426 r  clk_wiz_0_inst/inst/plle2_adv_inst/CLKOUT0
                         net (fo=1, routed)           1.625   460.051    clk_wiz_0_inst/inst/clk_out1_clk_wiz_0
    BUFGCTRL_X0Y1        BUFG (Prop_bufg_I_O)         0.091   460.142 r  clk_wiz_0_inst/inst/clkout1_buf/O
                         net (fo=12, routed)          1.597   461.740    task2_inst/CLK
    SLICE_X3Y63          FDCE                                         r  task2_inst/syncA_ff_reg[0]/C
                         clock pessimism             -0.530   461.210    
                         clock uncertainty           -0.194   461.016    
    SLICE_X3Y63          FDCE (Setup_fdce_C_D)       -0.224   460.792    task2_inst/syncA_ff_reg[0]
  -------------------------------------------------------------------
                         required time                        460.792    
                         arrival time                        -461.544    
  -------------------------------------------------------------------
                         slack                                 -0.752    





Min Delay Paths
--------------------------------------------------------------------------------------
Slack (MET) :             0.127ns  (arrival time - required time)
  Source:                 task2_inst/toggleB_ff_reg/C
                            (rising edge-triggered cell FDCE clocked by clk_out2_clk_wiz_0  {rise@0.000ns fall@12.857ns period=25.714ns})
  Destination:            task2_inst/syncA_ff_reg[0]/D
                            (rising edge-triggered cell FDCE clocked by clk_out1_clk_wiz_0  {rise@0.000ns fall@17.857ns period=35.714ns})
  Path Group:             clk_out1_clk_wiz_0
  Path Type:              Hold (Min at Fast Process Corner)
  Requirement:            0.000ns  (clk_out1_clk_wiz_0 rise@0.000ns - clk_out2_clk_wiz_0 rise@0.000ns)
  Data Path Delay:        0.662ns  (logic 0.148ns (22.340%)  route 0.514ns (77.660%))
  Logic Levels:           0  
  Clock Path Skew:        0.321ns (DCD - SCD - CPR)
    Destination Clock Delay (DCD):    -0.357ns
    Source Clock Delay      (SCD):    -0.588ns
    Clock Pessimism Removal (CPR):    -0.089ns
  Clock Uncertainty:      0.194ns  ((TSJ^2 + DJ^2)^1/2) / 2 + PE
    Total System Jitter     (TSJ):    0.071ns
    Discrete Jitter          (DJ):    0.129ns
    Phase Error              (PE):    0.120ns

    Location             Delay type                Incr(ns)  Path(ns)    Netlist Resource(s)
  -------------------------------------------------------------------    -------------------
                         (clock clk_out2_clk_wiz_0 rise edge)
                                                      0.000     0.000 r  
    N15                                               0.000     0.000 r  clk_i (IN)
                         net (fo=0)                   0.000     0.000    clk_wiz_0_inst/inst/clk_in1
    N15                  IBUF (Prop_ibuf_I_O)         0.177     0.177 r  clk_wiz_0_inst/inst/clkin1_ibufg/O
                         net (fo=1, routed)           0.440     0.617    clk_wiz_0_inst/inst/clk_in1_clk_wiz_0
    PLLE2_ADV_X0Y1       PLLE2_ADV (Prop_plle2_adv_CLKIN1_CLKOUT1)
                                                     -2.339    -1.722 r  clk_wiz_0_inst/inst/plle2_adv_inst/CLKOUT1
                         net (fo=1, routed)           0.510    -1.212    clk_wiz_0_inst/inst/clk_out2_clk_wiz_0
    BUFGCTRL_X0Y0        BUFG (Prop_bufg_I_O)         0.026    -1.186 r  clk_wiz_0_inst/inst/clkout2_buf/O
                         net (fo=14, routed)          0.598    -0.588    task2_inst/clkB_i
    SLICE_X2Y63          FDCE                                         r  task2_inst/toggleB_ff_reg/C
  -------------------------------------------------------------------    -------------------
    SLICE_X2Y63          FDCE (Prop_fdce_C_Q)         0.148    -0.440 r  task2_inst/toggleB_ff_reg/Q
                         net (fo=3, routed)           0.514     0.074    task2_inst/toggleB_ff
    SLICE_X3Y63          FDCE                                         r  task2_inst/syncA_ff_reg[0]/D
  -------------------------------------------------------------------    -------------------

                         (clock clk_out1_clk_wiz_0 rise edge)
                                                      0.000     0.000 r  
    N15                                               0.000     0.000 r  clk_i (IN)
                         net (fo=0)                   0.000     0.000    clk_wiz_0_inst/inst/clk_in1
    N15                  IBUF (Prop_ibuf_I_O)         0.365     0.365 r  clk_wiz_0_inst/inst/clkin1_ibufg/O
                         net (fo=1, routed)           0.481     0.846    clk_wiz_0_inst/inst/clk_in1_clk_wiz_0
    PLLE2_ADV_X0Y1       PLLE2_ADV (Prop_plle2_adv_CLKIN1_CLKOUT0)
                                                     -2.657    -1.811 r  clk_wiz_0_inst/inst/plle2_adv_inst/CLKOUT0
                         net (fo=1, routed)           0.556    -1.255    clk_wiz_0_inst/inst/clk_out1_clk_wiz_0
    BUFGCTRL_X0Y1        BUFG (Prop_bufg_I_O)         0.029    -1.226 r  clk_wiz_0_inst/inst/clkout1_buf/O
                         net (fo=12, routed)          0.870    -0.357    task2_inst/CLK
    SLICE_X3Y63          FDCE                                         r  task2_inst/syncA_ff_reg[0]/C
                         clock pessimism              0.089    -0.267    
                         clock uncertainty            0.194    -0.074    
    SLICE_X3Y63          FDCE (Hold_fdce_C_D)         0.021    -0.053    task2_inst/syncA_ff_reg[0]
  -------------------------------------------------------------------
                         required time                          0.053    
                         arrival time                           0.074    
  -------------------------------------------------------------------
                         slack                                  0.127    





---------------------------------------------------------------------------------------------------
From Clock:  clk_out1_clk_wiz_0
  To Clock:  clk_out2_clk_wiz_0

Setup :            9  Failing Endpoints,  Worst Slack       -0.869ns,  Total Violation       -7.081ns
Hold  :            0  Failing Endpoints,  Worst Slack        0.088ns,  Total Violation        0.000ns
---------------------------------------------------------------------------------------------------


Max Delay Paths
--------------------------------------------------------------------------------------
Slack (VIOLATED) :        -0.869ns  (required time - arrival time)
  Source:                 task2_inst/dataA_hold_ff_reg[5]/C
                            (rising edge-triggered cell FDCE clocked by clk_out1_clk_wiz_0  {rise@0.000ns fall@17.857ns period=35.714ns})
  Destination:            task2_inst/dataB_o_reg[5]/D
                            (rising edge-triggered cell FDCE clocked by clk_out2_clk_wiz_0  {rise@0.000ns fall@12.857ns period=25.714ns})
  Path Group:             clk_out2_clk_wiz_0
  Path Type:              Setup (Max at Slow Process Corner)
  Requirement:            1.429ns  (clk_out2_clk_wiz_0 rise@180.000ns - clk_out1_clk_wiz_0 rise@178.571ns)
  Data Path Delay:        1.665ns  (logic 0.419ns (25.172%)  route 1.246ns (74.828%))
  Logic Levels:           0  
  Clock Path Skew:        -0.205ns (DCD - SCD + CPR)
    Destination Clock Delay (DCD):    -2.545ns = ( 177.455 - 180.000 ) 
    Source Clock Delay      (SCD):    -2.869ns = ( 175.702 - 178.571 ) 
    Clock Pessimism Removal (CPR):    -0.530ns
  Clock Uncertainty:      0.194ns  ((TSJ^2 + DJ^2)^1/2) / 2 + PE
    Total System Jitter     (TSJ):    0.071ns
    Discrete Jitter          (DJ):    0.129ns
    Phase Error              (PE):    0.120ns

    Location             Delay type                Incr(ns)  Path(ns)    Netlist Resource(s)
  -------------------------------------------------------------------    -------------------
                         (clock clk_out1_clk_wiz_0 rise edge)
                                                    178.571   178.571 r  
    N15                                               0.000   178.571 r  clk_i (IN)
                         net (fo=0)                   0.000   178.571    clk_wiz_0_inst/inst/clk_in1
    N15                  IBUF (Prop_ibuf_I_O)         0.948   179.519 r  clk_wiz_0_inst/inst/clkin1_ibufg/O
                         net (fo=1, routed)           1.253   180.772    clk_wiz_0_inst/inst/clk_in1_clk_wiz_0
    PLLE2_ADV_X0Y1       PLLE2_ADV (Prop_plle2_adv_CLKIN1_CLKOUT0)
                                                     -8.590   172.182 r  clk_wiz_0_inst/inst/plle2_adv_inst/CLKOUT0
                         net (fo=1, routed)           1.704   173.887    clk_wiz_0_inst/inst/clk_out1_clk_wiz_0
    BUFGCTRL_X0Y1        BUFG (Prop_bufg_I_O)         0.096   173.983 r  clk_wiz_0_inst/inst/clkout1_buf/O
                         net (fo=12, routed)          1.719   175.702    task2_inst/CLK
    SLICE_X0Y62          FDCE                                         r  task2_inst/dataA_hold_ff_reg[5]/C
  -------------------------------------------------------------------    -------------------
    SLICE_X0Y62          FDCE (Prop_fdce_C_Q)         0.419   176.121 r  task2_inst/dataA_hold_ff_reg[5]/Q
                         net (fo=1, routed)           1.246   177.367    task2_inst/dataA_hold_ff[5]
    SLICE_X1Y62          FDCE                                         r  task2_inst/dataB_o_reg[5]/D
  -------------------------------------------------------------------    -------------------

                         (clock clk_out2_clk_wiz_0 rise edge)
                                                    180.000   180.000 r  
    N15                                               0.000   180.000 r  clk_i (IN)
                         net (fo=0)                   0.000   180.000    clk_wiz_0_inst/inst/clk_in1
    N15                  IBUF (Prop_ibuf_I_O)         0.814   180.814 r  clk_wiz_0_inst/inst/clkin1_ibufg/O
                         net (fo=1, routed)           1.181   181.995    clk_wiz_0_inst/inst/clk_in1_clk_wiz_0
    PLLE2_ADV_X0Y1       PLLE2_ADV (Prop_plle2_adv_CLKIN1_CLKOUT1)
                                                     -7.855   174.141 r  clk_wiz_0_inst/inst/plle2_adv_inst/CLKOUT1
                         net (fo=1, routed)           1.625   175.766    clk_wiz_0_inst/inst/clk_out2_clk_wiz_0
    BUFGCTRL_X0Y0        BUFG (Prop_bufg_I_O)         0.091   175.857 r  clk_wiz_0_inst/inst/clkout2_buf/O
                         net (fo=14, routed)          1.598   177.455    task2_inst/clkB_i
    SLICE_X1Y62          FDCE                                         r  task2_inst/dataB_o_reg[5]/C
                         clock pessimism             -0.530   176.925    
                         clock uncertainty           -0.194   176.732    
    SLICE_X1Y62          FDCE (Setup_fdce_C_D)       -0.234   176.498    task2_inst/dataB_o_reg[5]
  -------------------------------------------------------------------
                         required time                        176.498    
                         arrival time                        -177.367    
  -------------------------------------------------------------------
                         slack                                 -0.869    

Slack (VIOLATED) :        -0.851ns  (required time - arrival time)
  Source:                 task2_inst/dataA_hold_ff_reg[4]/C
                            (rising edge-triggered cell FDCE clocked by clk_out1_clk_wiz_0  {rise@0.000ns fall@17.857ns period=35.714ns})
  Destination:            task2_inst/dataB_o_reg[4]/D
                            (rising edge-triggered cell FDCE clocked by clk_out2_clk_wiz_0  {rise@0.000ns fall@12.857ns period=25.714ns})
  Path Group:             clk_out2_clk_wiz_0
  Path Type:              Setup (Max at Slow Process Corner)
  Requirement:            1.429ns  (clk_out2_clk_wiz_0 rise@180.000ns - clk_out1_clk_wiz_0 rise@178.571ns)
  Data Path Delay:        1.658ns  (logic 0.419ns (25.264%)  route 1.239ns (74.736%))
  Logic Levels:           0  
  Clock Path Skew:        -0.205ns (DCD - SCD + CPR)
    Destination Clock Delay (DCD):    -2.545ns = ( 177.455 - 180.000 ) 
    Source Clock Delay      (SCD):    -2.869ns = ( 175.702 - 178.571 ) 
    Clock Pessimism Removal (CPR):    -0.530ns
  Clock Uncertainty:      0.194ns  ((TSJ^2 + DJ^2)^1/2) / 2 + PE
    Total System Jitter     (TSJ):    0.071ns
    Discrete Jitter          (DJ):    0.129ns
    Phase Error              (PE):    0.120ns

    Location             Delay type                Incr(ns)  Path(ns)    Netlist Resource(s)
  -------------------------------------------------------------------    -------------------
                         (clock clk_out1_clk_wiz_0 rise edge)
                                                    178.571   178.571 r  
    N15                                               0.000   178.571 r  clk_i (IN)
                         net (fo=0)                   0.000   178.571    clk_wiz_0_inst/inst/clk_in1
    N15                  IBUF (Prop_ibuf_I_O)         0.948   179.519 r  clk_wiz_0_inst/inst/clkin1_ibufg/O
                         net (fo=1, routed)           1.253   180.772    clk_wiz_0_inst/inst/clk_in1_clk_wiz_0
    PLLE2_ADV_X0Y1       PLLE2_ADV (Prop_plle2_adv_CLKIN1_CLKOUT0)
                                                     -8.590   172.182 r  clk_wiz_0_inst/inst/plle2_adv_inst/CLKOUT0
                         net (fo=1, routed)           1.704   173.887    clk_wiz_0_inst/inst/clk_out1_clk_wiz_0
    BUFGCTRL_X0Y1        BUFG (Prop_bufg_I_O)         0.096   173.983 r  clk_wiz_0_inst/inst/clkout1_buf/O
                         net (fo=12, routed)          1.719   175.702    task2_inst/CLK
    SLICE_X0Y62          FDCE                                         r  task2_inst/dataA_hold_ff_reg[4]/C
  -------------------------------------------------------------------    -------------------
    SLICE_X0Y62          FDCE (Prop_fdce_C_Q)         0.419   176.121 r  task2_inst/dataA_hold_ff_reg[4]/Q
                         net (fo=1, routed)           1.239   177.361    task2_inst/dataA_hold_ff[4]
    SLICE_X1Y62          FDCE                                         r  task2_inst/dataB_o_reg[4]/D
  -------------------------------------------------------------------    -------------------

                         (clock clk_out2_clk_wiz_0 rise edge)
                                                    180.000   180.000 r  
    N15                                               0.000   180.000 r  clk_i (IN)
                         net (fo=0)                   0.000   180.000    clk_wiz_0_inst/inst/clk_in1
    N15                  IBUF (Prop_ibuf_I_O)         0.814   180.814 r  clk_wiz_0_inst/inst/clkin1_ibufg/O
                         net (fo=1, routed)           1.181   181.995    clk_wiz_0_inst/inst/clk_in1_clk_wiz_0
    PLLE2_ADV_X0Y1       PLLE2_ADV (Prop_plle2_adv_CLKIN1_CLKOUT1)
                                                     -7.855   174.141 r  clk_wiz_0_inst/inst/plle2_adv_inst/CLKOUT1
                         net (fo=1, routed)           1.625   175.766    clk_wiz_0_inst/inst/clk_out2_clk_wiz_0
    BUFGCTRL_X0Y0        BUFG (Prop_bufg_I_O)         0.091   175.857 r  clk_wiz_0_inst/inst/clkout2_buf/O
                         net (fo=14, routed)          1.598   177.455    task2_inst/clkB_i
    SLICE_X1Y62          FDCE                                         r  task2_inst/dataB_o_reg[4]/C
                         clock pessimism             -0.530   176.925    
                         clock uncertainty           -0.194   176.732    
    SLICE_X1Y62          FDCE (Setup_fdce_C_D)       -0.222   176.510    task2_inst/dataB_o_reg[4]
  -------------------------------------------------------------------
                         required time                        176.510    
                         arrival time                        -177.361    
  -------------------------------------------------------------------
                         slack                                 -0.851    

Slack (VIOLATED) :        -0.846ns  (required time - arrival time)
  Source:                 task2_inst/dataA_hold_ff_reg[7]/C
                            (rising edge-triggered cell FDCE clocked by clk_out1_clk_wiz_0  {rise@0.000ns fall@17.857ns period=35.714ns})
  Destination:            task2_inst/dataB_o_reg[7]/D
                            (rising edge-triggered cell FDCE clocked by clk_out2_clk_wiz_0  {rise@0.000ns fall@12.857ns period=25.714ns})
  Path Group:             clk_out2_clk_wiz_0
  Path Type:              Setup (Max at Slow Process Corner)
  Requirement:            1.429ns  (clk_out2_clk_wiz_0 rise@180.000ns - clk_out1_clk_wiz_0 rise@178.571ns)
  Data Path Delay:        1.661ns  (logic 0.419ns (25.233%)  route 1.242ns (74.767%))
  Logic Levels:           0  
  Clock Path Skew:        -0.205ns (DCD - SCD + CPR)
    Destination Clock Delay (DCD):    -2.545ns = ( 177.455 - 180.000 ) 
    Source Clock Delay      (SCD):    -2.869ns = ( 175.702 - 178.571 ) 
    Clock Pessimism Removal (CPR):    -0.530ns
  Clock Uncertainty:      0.194ns  ((TSJ^2 + DJ^2)^1/2) / 2 + PE
    Total System Jitter     (TSJ):    0.071ns
    Discrete Jitter          (DJ):    0.129ns
    Phase Error              (PE):    0.120ns

    Location             Delay type                Incr(ns)  Path(ns)    Netlist Resource(s)
  -------------------------------------------------------------------    -------------------
                         (clock clk_out1_clk_wiz_0 rise edge)
                                                    178.571   178.571 r  
    N15                                               0.000   178.571 r  clk_i (IN)
                         net (fo=0)                   0.000   178.571    clk_wiz_0_inst/inst/clk_in1
    N15                  IBUF (Prop_ibuf_I_O)         0.948   179.519 r  clk_wiz_0_inst/inst/clkin1_ibufg/O
                         net (fo=1, routed)           1.253   180.772    clk_wiz_0_inst/inst/clk_in1_clk_wiz_0
    PLLE2_ADV_X0Y1       PLLE2_ADV (Prop_plle2_adv_CLKIN1_CLKOUT0)
                                                     -8.590   172.182 r  clk_wiz_0_inst/inst/plle2_adv_inst/CLKOUT0
                         net (fo=1, routed)           1.704   173.887    clk_wiz_0_inst/inst/clk_out1_clk_wiz_0
    BUFGCTRL_X0Y1        BUFG (Prop_bufg_I_O)         0.096   173.983 r  clk_wiz_0_inst/inst/clkout1_buf/O
                         net (fo=12, routed)          1.719   175.702    task2_inst/CLK
    SLICE_X0Y62          FDCE                                         r  task2_inst/dataA_hold_ff_reg[7]/C
  -------------------------------------------------------------------    -------------------
    SLICE_X0Y62          FDCE (Prop_fdce_C_Q)         0.419   176.121 r  task2_inst/dataA_hold_ff_reg[7]/Q
                         net (fo=1, routed)           1.242   177.363    task2_inst/dataA_hold_ff[7]
    SLICE_X1Y62          FDCE                                         r  task2_inst/dataB_o_reg[7]/D
  -------------------------------------------------------------------    -------------------

                         (clock clk_out2_clk_wiz_0 rise edge)
                                                    180.000   180.000 r  
    N15                                               0.000   180.000 r  clk_i (IN)
                         net (fo=0)                   0.000   180.000    clk_wiz_0_inst/inst/clk_in1
    N15                  IBUF (Prop_ibuf_I_O)         0.814   180.814 r  clk_wiz_0_inst/inst/clkin1_ibufg/O
                         net (fo=1, routed)           1.181   181.995    clk_wiz_0_inst/inst/clk_in1_clk_wiz_0
    PLLE2_ADV_X0Y1       PLLE2_ADV (Prop_plle2_adv_CLKIN1_CLKOUT1)
                                                     -7.855   174.141 r  clk_wiz_0_inst/inst/plle2_adv_inst/CLKOUT1
                         net (fo=1, routed)           1.625   175.766    clk_wiz_0_inst/inst/clk_out2_clk_wiz_0
    BUFGCTRL_X0Y0        BUFG (Prop_bufg_I_O)         0.091   175.857 r  clk_wiz_0_inst/inst/clkout2_buf/O
                         net (fo=14, routed)          1.598   177.455    task2_inst/clkB_i
    SLICE_X1Y62          FDCE                                         r  task2_inst/dataB_o_reg[7]/C
                         clock pessimism             -0.530   176.925    
                         clock uncertainty           -0.194   176.732    
    SLICE_X1Y62          FDCE (Setup_fdce_C_D)       -0.215   176.517    task2_inst/dataB_o_reg[7]
  -------------------------------------------------------------------
                         required time                        176.517    
                         arrival time                        -177.363    
  -------------------------------------------------------------------
                         slack                                 -0.846    

Slack (VIOLATED) :        -0.845ns  (required time - arrival time)
  Source:                 task2_inst/dataA_hold_ff_reg[6]/C
                            (rising edge-triggered cell FDCE clocked by clk_out1_clk_wiz_0  {rise@0.000ns fall@17.857ns period=35.714ns})
  Destination:            task2_inst/dataB_o_reg[6]/D
                            (rising edge-triggered cell FDCE clocked by clk_out2_clk_wiz_0  {rise@0.000ns fall@12.857ns period=25.714ns})
  Path Group:             clk_out2_clk_wiz_0
  Path Type:              Setup (Max at Slow Process Corner)
  Requirement:            1.429ns  (clk_out2_clk_wiz_0 rise@180.000ns - clk_out1_clk_wiz_0 rise@178.571ns)
  Data Path Delay:        1.659ns  (logic 0.419ns (25.257%)  route 1.240ns (74.743%))
  Logic Levels:           0  
  Clock Path Skew:        -0.205ns (DCD - SCD + CPR)
    Destination Clock Delay (DCD):    -2.545ns = ( 177.455 - 180.000 ) 
    Source Clock Delay      (SCD):    -2.869ns = ( 175.702 - 178.571 ) 
    Clock Pessimism Removal (CPR):    -0.530ns
  Clock Uncertainty:      0.194ns  ((TSJ^2 + DJ^2)^1/2) / 2 + PE
    Total System Jitter     (TSJ):    0.071ns
    Discrete Jitter          (DJ):    0.129ns
    Phase Error              (PE):    0.120ns

    Location             Delay type                Incr(ns)  Path(ns)    Netlist Resource(s)
  -------------------------------------------------------------------    -------------------
                         (clock clk_out1_clk_wiz_0 rise edge)
                                                    178.571   178.571 r  
    N15                                               0.000   178.571 r  clk_i (IN)
                         net (fo=0)                   0.000   178.571    clk_wiz_0_inst/inst/clk_in1
    N15                  IBUF (Prop_ibuf_I_O)         0.948   179.519 r  clk_wiz_0_inst/inst/clkin1_ibufg/O
                         net (fo=1, routed)           1.253   180.772    clk_wiz_0_inst/inst/clk_in1_clk_wiz_0
    PLLE2_ADV_X0Y1       PLLE2_ADV (Prop_plle2_adv_CLKIN1_CLKOUT0)
                                                     -8.590   172.182 r  clk_wiz_0_inst/inst/plle2_adv_inst/CLKOUT0
                         net (fo=1, routed)           1.704   173.887    clk_wiz_0_inst/inst/clk_out1_clk_wiz_0
    BUFGCTRL_X0Y1        BUFG (Prop_bufg_I_O)         0.096   173.983 r  clk_wiz_0_inst/inst/clkout1_buf/O
                         net (fo=12, routed)          1.719   175.702    task2_inst/CLK
    SLICE_X0Y62          FDCE                                         r  task2_inst/dataA_hold_ff_reg[6]/C
  -------------------------------------------------------------------    -------------------
    SLICE_X0Y62          FDCE (Prop_fdce_C_Q)         0.419   176.121 r  task2_inst/dataA_hold_ff_reg[6]/Q
                         net (fo=1, routed)           1.240   177.361    task2_inst/dataA_hold_ff[6]
    SLICE_X1Y62          FDCE                                         r  task2_inst/dataB_o_reg[6]/D
  -------------------------------------------------------------------    -------------------

                         (clock clk_out2_clk_wiz_0 rise edge)
                                                    180.000   180.000 r  
    N15                                               0.000   180.000 r  clk_i (IN)
                         net (fo=0)                   0.000   180.000    clk_wiz_0_inst/inst/clk_in1
    N15                  IBUF (Prop_ibuf_I_O)         0.814   180.814 r  clk_wiz_0_inst/inst/clkin1_ibufg/O
                         net (fo=1, routed)           1.181   181.995    clk_wiz_0_inst/inst/clk_in1_clk_wiz_0
    PLLE2_ADV_X0Y1       PLLE2_ADV (Prop_plle2_adv_CLKIN1_CLKOUT1)
                                                     -7.855   174.141 r  clk_wiz_0_inst/inst/plle2_adv_inst/CLKOUT1
                         net (fo=1, routed)           1.625   175.766    clk_wiz_0_inst/inst/clk_out2_clk_wiz_0
    BUFGCTRL_X0Y0        BUFG (Prop_bufg_I_O)         0.091   175.857 r  clk_wiz_0_inst/inst/clkout2_buf/O
                         net (fo=14, routed)          1.598   177.455    task2_inst/clkB_i
    SLICE_X1Y62          FDCE                                         r  task2_inst/dataB_o_reg[6]/C
                         clock pessimism             -0.530   176.925    
                         clock uncertainty           -0.194   176.732    
    SLICE_X1Y62          FDCE (Setup_fdce_C_D)       -0.216   176.516    task2_inst/dataB_o_reg[6]
  -------------------------------------------------------------------
                         required time                        176.516    
                         arrival time                        -177.361    
  -------------------------------------------------------------------
                         slack                                 -0.845    

Slack (VIOLATED) :        -0.798ns  (required time - arrival time)
  Source:                 task2_inst/toggleA_ff_reg/C
                            (rising edge-triggered cell FDCE clocked by clk_out1_clk_wiz_0  {rise@0.000ns fall@17.857ns period=35.714ns})
  Destination:            task2_inst/syncB_ff_reg[0]/D
                            (rising edge-triggered cell FDCE clocked by clk_out2_clk_wiz_0  {rise@0.000ns fall@12.857ns period=25.714ns})
  Path Group:             clk_out2_clk_wiz_0
  Path Type:              Setup (Max at Slow Process Corner)
  Requirement:            1.429ns  (clk_out2_clk_wiz_0 rise@180.000ns - clk_out1_clk_wiz_0 rise@178.571ns)
  Data Path Delay:        1.780ns  (logic 0.456ns (25.612%)  route 1.324ns (74.388%))
  Logic Levels:           0  
  Clock Path Skew:        -0.205ns (DCD - SCD + CPR)
    Destination Clock Delay (DCD):    -2.546ns = ( 177.454 - 180.000 ) 
    Source Clock Delay      (SCD):    -2.870ns = ( 175.701 - 178.571 ) 
    Clock Pessimism Removal (CPR):    -0.530ns
  Clock Uncertainty:      0.194ns  ((TSJ^2 + DJ^2)^1/2) / 2 + PE
    Total System Jitter     (TSJ):    0.071ns
    Discrete Jitter          (DJ):    0.129ns
    Phase Error              (PE):    0.120ns

    Location             Delay type                Incr(ns)  Path(ns)    Netlist Resource(s)
  -------------------------------------------------------------------    -------------------
                         (clock clk_out1_clk_wiz_0 rise edge)
                                                    178.571   178.571 r  
    N15                                               0.000   178.571 r  clk_i (IN)
                         net (fo=0)                   0.000   178.571    clk_wiz_0_inst/inst/clk_in1
    N15                  IBUF (Prop_ibuf_I_O)         0.948   179.519 r  clk_wiz_0_inst/inst/clkin1_ibufg/O
                         net (fo=1, routed)           1.253   180.772    clk_wiz_0_inst/inst/clk_in1_clk_wiz_0
    PLLE2_ADV_X0Y1       PLLE2_ADV (Prop_plle2_adv_CLKIN1_CLKOUT0)
                                                     -8.590   172.182 r  clk_wiz_0_inst/inst/plle2_adv_inst/CLKOUT0
                         net (fo=1, routed)           1.704   173.887    clk_wiz_0_inst/inst/clk_out1_clk_wiz_0
    BUFGCTRL_X0Y1        BUFG (Prop_bufg_I_O)         0.096   173.983 r  clk_wiz_0_inst/inst/clkout1_buf/O
                         net (fo=12, routed)          1.718   175.701    task2_inst/CLK
    SLICE_X3Y63          FDCE                                         r  task2_inst/toggleA_ff_reg/C
  -------------------------------------------------------------------    -------------------
    SLICE_X3Y63          FDCE (Prop_fdce_C_Q)         0.456   176.157 r  task2_inst/toggleA_ff_reg/Q
                         net (fo=2, routed)           1.324   177.482    task2_inst/toggleA_ff
    SLICE_X0Y63          FDCE                                         r  task2_inst/syncB_ff_reg[0]/D
  -------------------------------------------------------------------    -------------------

                         (clock clk_out2_clk_wiz_0 rise edge)
                                                    180.000   180.000 r  
    N15                                               0.000   180.000 r  clk_i (IN)
                         net (fo=0)                   0.000   180.000    clk_wiz_0_inst/inst/clk_in1
    N15                  IBUF (Prop_ibuf_I_O)         0.814   180.814 r  clk_wiz_0_inst/inst/clkin1_ibufg/O
                         net (fo=1, routed)           1.181   181.995    clk_wiz_0_inst/inst/clk_in1_clk_wiz_0
    PLLE2_ADV_X0Y1       PLLE2_ADV (Prop_plle2_adv_CLKIN1_CLKOUT1)
                                                     -7.855   174.141 r  clk_wiz_0_inst/inst/plle2_adv_inst/CLKOUT1
                         net (fo=1, routed)           1.625   175.766    clk_wiz_0_inst/inst/clk_out2_clk_wiz_0
    BUFGCTRL_X0Y0        BUFG (Prop_bufg_I_O)         0.091   175.857 r  clk_wiz_0_inst/inst/clkout2_buf/O
                         net (fo=14, routed)          1.597   177.454    task2_inst/clkB_i
    SLICE_X0Y63          FDCE                                         r  task2_inst/syncB_ff_reg[0]/C
                         clock pessimism             -0.530   176.924    
                         clock uncertainty           -0.194   176.731    
    SLICE_X0Y63          FDCE (Setup_fdce_C_D)       -0.047   176.684    task2_inst/syncB_ff_reg[0]
  -------------------------------------------------------------------
                         required time                        176.684    
                         arrival time                        -177.482    
  -------------------------------------------------------------------
                         slack                                 -0.798    

Slack (VIOLATED) :        -0.754ns  (required time - arrival time)
  Source:                 task2_inst/dataA_hold_ff_reg[0]/C
                            (rising edge-triggered cell FDCE clocked by clk_out1_clk_wiz_0  {rise@0.000ns fall@17.857ns period=35.714ns})
  Destination:            task2_inst/dataB_o_reg[0]/D
                            (rising edge-triggered cell FDCE clocked by clk_out2_clk_wiz_0  {rise@0.000ns fall@12.857ns period=25.714ns})
  Path Group:             clk_out2_clk_wiz_0
  Path Type:              Setup (Max at Slow Process Corner)
  Requirement:            1.429ns  (clk_out2_clk_wiz_0 rise@180.000ns - clk_out1_clk_wiz_0 rise@178.571ns)
  Data Path Delay:        1.744ns  (logic 0.456ns (26.150%)  route 1.288ns (73.850%))
  Logic Levels:           0  
  Clock Path Skew:        -0.205ns (DCD - SCD + CPR)
    Destination Clock Delay (DCD):    -2.545ns = ( 177.455 - 180.000 ) 
    Source Clock Delay      (SCD):    -2.869ns = ( 175.702 - 178.571 ) 
    Clock Pessimism Removal (CPR):    -0.530ns
  Clock Uncertainty:      0.194ns  ((TSJ^2 + DJ^2)^1/2) / 2 + PE
    Total System Jitter     (TSJ):    0.071ns
    Discrete Jitter          (DJ):    0.129ns
    Phase Error              (PE):    0.120ns

    Location             Delay type                Incr(ns)  Path(ns)    Netlist Resource(s)
  -------------------------------------------------------------------    -------------------
                         (clock clk_out1_clk_wiz_0 rise edge)
                                                    178.571   178.571 r  
    N15                                               0.000   178.571 r  clk_i (IN)
                         net (fo=0)                   0.000   178.571    clk_wiz_0_inst/inst/clk_in1
    N15                  IBUF (Prop_ibuf_I_O)         0.948   179.519 r  clk_wiz_0_inst/inst/clkin1_ibufg/O
                         net (fo=1, routed)           1.253   180.772    clk_wiz_0_inst/inst/clk_in1_clk_wiz_0
    PLLE2_ADV_X0Y1       PLLE2_ADV (Prop_plle2_adv_CLKIN1_CLKOUT0)
                                                     -8.590   172.182 r  clk_wiz_0_inst/inst/plle2_adv_inst/CLKOUT0
                         net (fo=1, routed)           1.704   173.887    clk_wiz_0_inst/inst/clk_out1_clk_wiz_0
    BUFGCTRL_X0Y1        BUFG (Prop_bufg_I_O)         0.096   173.983 r  clk_wiz_0_inst/inst/clkout1_buf/O
                         net (fo=12, routed)          1.719   175.702    task2_inst/CLK
    SLICE_X0Y62          FDCE                                         r  task2_inst/dataA_hold_ff_reg[0]/C
  -------------------------------------------------------------------    -------------------
    SLICE_X0Y62          FDCE (Prop_fdce_C_Q)         0.456   176.158 r  task2_inst/dataA_hold_ff_reg[0]/Q
                         net (fo=1, routed)           1.288   177.446    task2_inst/dataA_hold_ff[0]
    SLICE_X3Y62          FDCE                                         r  task2_inst/dataB_o_reg[0]/D
  -------------------------------------------------------------------    -------------------

                         (clock clk_out2_clk_wiz_0 rise edge)
                                                    180.000   180.000 r  
    N15                                               0.000   180.000 r  clk_i (IN)
                         net (fo=0)                   0.000   180.000    clk_wiz_0_inst/inst/clk_in1
    N15                  IBUF (Prop_ibuf_I_O)         0.814   180.814 r  clk_wiz_0_inst/inst/clkin1_ibufg/O
                         net (fo=1, routed)           1.181   181.995    clk_wiz_0_inst/inst/clk_in1_clk_wiz_0
    PLLE2_ADV_X0Y1       PLLE2_ADV (Prop_plle2_adv_CLKIN1_CLKOUT1)
                                                     -7.855   174.141 r  clk_wiz_0_inst/inst/plle2_adv_inst/CLKOUT1
                         net (fo=1, routed)           1.625   175.766    clk_wiz_0_inst/inst/clk_out2_clk_wiz_0
    BUFGCTRL_X0Y0        BUFG (Prop_bufg_I_O)         0.091   175.857 r  clk_wiz_0_inst/inst/clkout2_buf/O
                         net (fo=14, routed)          1.598   177.455    task2_inst/clkB_i
    SLICE_X3Y62          FDCE                                         r  task2_inst/dataB_o_reg[0]/C
                         clock pessimism             -0.530   176.925    
                         clock uncertainty           -0.194   176.732    
    SLICE_X3Y62          FDCE (Setup_fdce_C_D)       -0.040   176.692    task2_inst/dataB_o_reg[0]
  -------------------------------------------------------------------
                         required time                        176.692    
                         arrival time                        -177.446    
  -------------------------------------------------------------------
                         slack                                 -0.754    

Slack (VIOLATED) :        -0.737ns  (required time - arrival time)
  Source:                 task2_inst/dataA_hold_ff_reg[1]/C
                            (rising edge-triggered cell FDCE clocked by clk_out1_clk_wiz_0  {rise@0.000ns fall@17.857ns period=35.714ns})
  Destination:            task2_inst/dataB_o_reg[1]/D
                            (rising edge-triggered cell FDCE clocked by clk_out2_clk_wiz_0  {rise@0.000ns fall@12.857ns period=25.714ns})
  Path Group:             clk_out2_clk_wiz_0
  Path Type:              Setup (Max at Slow Process Corner)
  Requirement:            1.429ns  (clk_out2_clk_wiz_0 rise@180.000ns - clk_out1_clk_wiz_0 rise@178.571ns)
  Data Path Delay:        1.705ns  (logic 0.456ns (26.752%)  route 1.249ns (73.248%))
  Logic Levels:           0  
  Clock Path Skew:        -0.205ns (DCD - SCD + CPR)
    Destination Clock Delay (DCD):    -2.545ns = ( 177.455 - 180.000 ) 
    Source Clock Delay      (SCD):    -2.869ns = ( 175.702 - 178.571 ) 
    Clock Pessimism Removal (CPR):    -0.530ns
  Clock Uncertainty:      0.194ns  ((TSJ^2 + DJ^2)^1/2) / 2 + PE
    Total System Jitter     (TSJ):    0.071ns
    Discrete Jitter          (DJ):    0.129ns
    Phase Error              (PE):    0.120ns

    Location             Delay type                Incr(ns)  Path(ns)    Netlist Resource(s)
  -------------------------------------------------------------------    -------------------
                         (clock clk_out1_clk_wiz_0 rise edge)
                                                    178.571   178.571 r  
    N15                                               0.000   178.571 r  clk_i (IN)
                         net (fo=0)                   0.000   178.571    clk_wiz_0_inst/inst/clk_in1
    N15                  IBUF (Prop_ibuf_I_O)         0.948   179.519 r  clk_wiz_0_inst/inst/clkin1_ibufg/O
                         net (fo=1, routed)           1.253   180.772    clk_wiz_0_inst/inst/clk_in1_clk_wiz_0
    PLLE2_ADV_X0Y1       PLLE2_ADV (Prop_plle2_adv_CLKIN1_CLKOUT0)
                                                     -8.590   172.182 r  clk_wiz_0_inst/inst/plle2_adv_inst/CLKOUT0
                         net (fo=1, routed)           1.704   173.887    clk_wiz_0_inst/inst/clk_out1_clk_wiz_0
    BUFGCTRL_X0Y1        BUFG (Prop_bufg_I_O)         0.096   173.983 r  clk_wiz_0_inst/inst/clkout1_buf/O
                         net (fo=12, routed)          1.719   175.702    task2_inst/CLK
    SLICE_X0Y62          FDCE                                         r  task2_inst/dataA_hold_ff_reg[1]/C
  -------------------------------------------------------------------    -------------------
    SLICE_X0Y62          FDCE (Prop_fdce_C_Q)         0.456   176.158 r  task2_inst/dataA_hold_ff_reg[1]/Q
                         net (fo=1, routed)           1.249   177.407    task2_inst/dataA_hold_ff[1]
    SLICE_X3Y62          FDCE                                         r  task2_inst/dataB_o_reg[1]/D
  -------------------------------------------------------------------    -------------------

                         (clock clk_out2_clk_wiz_0 rise edge)
                                                    180.000   180.000 r  
    N15                                               0.000   180.000 r  clk_i (IN)
                         net (fo=0)                   0.000   180.000    clk_wiz_0_inst/inst/clk_in1
    N15                  IBUF (Prop_ibuf_I_O)         0.814   180.814 r  clk_wiz_0_inst/inst/clkin1_ibufg/O
                         net (fo=1, routed)           1.181   181.995    clk_wiz_0_inst/inst/clk_in1_clk_wiz_0
    PLLE2_ADV_X0Y1       PLLE2_ADV (Prop_plle2_adv_CLKIN1_CLKOUT1)
                                                     -7.855   174.141 r  clk_wiz_0_inst/inst/plle2_adv_inst/CLKOUT1
                         net (fo=1, routed)           1.625   175.766    clk_wiz_0_inst/inst/clk_out2_clk_wiz_0
    BUFGCTRL_X0Y0        BUFG (Prop_bufg_I_O)         0.091   175.857 r  clk_wiz_0_inst/inst/clkout2_buf/O
                         net (fo=14, routed)          1.598   177.455    task2_inst/clkB_i
    SLICE_X3Y62          FDCE                                         r  task2_inst/dataB_o_reg[1]/C
                         clock pessimism             -0.530   176.925    
                         clock uncertainty           -0.194   176.732    
    SLICE_X3Y62          FDCE (Setup_fdce_C_D)       -0.062   176.670    task2_inst/dataB_o_reg[1]
  -------------------------------------------------------------------
                         required time                        176.670    
                         arrival time                        -177.407    
  -------------------------------------------------------------------
                         slack                                 -0.737    

Slack (VIOLATED) :        -0.697ns  (required time - arrival time)
  Source:                 task2_inst/dataA_hold_ff_reg[3]/C
                            (rising edge-triggered cell FDCE clocked by clk_out1_clk_wiz_0  {rise@0.000ns fall@17.857ns period=35.714ns})
  Destination:            task2_inst/dataB_o_reg[3]/D
                            (rising edge-triggered cell FDCE clocked by clk_out2_clk_wiz_0  {rise@0.000ns fall@12.857ns period=25.714ns})
  Path Group:             clk_out2_clk_wiz_0
  Path Type:              Setup (Max at Slow Process Corner)
  Requirement:            1.429ns  (clk_out2_clk_wiz_0 rise@180.000ns - clk_out1_clk_wiz_0 rise@178.571ns)
  Data Path Delay:        1.684ns  (logic 0.456ns (27.079%)  route 1.228ns (72.921%))
  Logic Levels:           0  
  Clock Path Skew:        -0.205ns (DCD - SCD + CPR)
    Destination Clock Delay (DCD):    -2.545ns = ( 177.455 - 180.000 ) 
    Source Clock Delay      (SCD):    -2.869ns = ( 175.702 - 178.571 ) 
    Clock Pessimism Removal (CPR):    -0.530ns
  Clock Uncertainty:      0.194ns  ((TSJ^2 + DJ^2)^1/2) / 2 + PE
    Total System Jitter     (TSJ):    0.071ns
    Discrete Jitter          (DJ):    0.129ns
    Phase Error              (PE):    0.120ns

    Location             Delay type                Incr(ns)  Path(ns)    Netlist Resource(s)
  -------------------------------------------------------------------    -------------------
                         (clock clk_out1_clk_wiz_0 rise edge)
                                                    178.571   178.571 r  
    N15                                               0.000   178.571 r  clk_i (IN)
                         net (fo=0)                   0.000   178.571    clk_wiz_0_inst/inst/clk_in1
    N15                  IBUF (Prop_ibuf_I_O)         0.948   179.519 r  clk_wiz_0_inst/inst/clkin1_ibufg/O
                         net (fo=1, routed)           1.253   180.772    clk_wiz_0_inst/inst/clk_in1_clk_wiz_0
    PLLE2_ADV_X0Y1       PLLE2_ADV (Prop_plle2_adv_CLKIN1_CLKOUT0)
                                                     -8.590   172.182 r  clk_wiz_0_inst/inst/plle2_adv_inst/CLKOUT0
                         net (fo=1, routed)           1.704   173.887    clk_wiz_0_inst/inst/clk_out1_clk_wiz_0
    BUFGCTRL_X0Y1        BUFG (Prop_bufg_I_O)         0.096   173.983 r  clk_wiz_0_inst/inst/clkout1_buf/O
                         net (fo=12, routed)          1.719   175.702    task2_inst/CLK
    SLICE_X0Y62          FDCE                                         r  task2_inst/dataA_hold_ff_reg[3]/C
  -------------------------------------------------------------------    -------------------
    SLICE_X0Y62          FDCE (Prop_fdce_C_Q)         0.456   176.158 r  task2_inst/dataA_hold_ff_reg[3]/Q
                         net (fo=1, routed)           1.228   177.386    task2_inst/dataA_hold_ff[3]
    SLICE_X3Y62          FDCE                                         r  task2_inst/dataB_o_reg[3]/D
  -------------------------------------------------------------------    -------------------

                         (clock clk_out2_clk_wiz_0 rise edge)
                                                    180.000   180.000 r  
    N15                                               0.000   180.000 r  clk_i (IN)
                         net (fo=0)                   0.000   180.000    clk_wiz_0_inst/inst/clk_in1
    N15                  IBUF (Prop_ibuf_I_O)         0.814   180.814 r  clk_wiz_0_inst/inst/clkin1_ibufg/O
                         net (fo=1, routed)           1.181   181.995    clk_wiz_0_inst/inst/clk_in1_clk_wiz_0
    PLLE2_ADV_X0Y1       PLLE2_ADV (Prop_plle2_adv_CLKIN1_CLKOUT1)
                                                     -7.855   174.141 r  clk_wiz_0_inst/inst/plle2_adv_inst/CLKOUT1
                         net (fo=1, routed)           1.625   175.766    clk_wiz_0_inst/inst/clk_out2_clk_wiz_0
    BUFGCTRL_X0Y0        BUFG (Prop_bufg_I_O)         0.091   175.857 r  clk_wiz_0_inst/inst/clkout2_buf/O
                         net (fo=14, routed)          1.598   177.455    task2_inst/clkB_i
    SLICE_X3Y62          FDCE                                         r  task2_inst/dataB_o_reg[3]/C
                         clock pessimism             -0.530   176.925    
                         clock uncertainty           -0.194   176.732    
    SLICE_X3Y62          FDCE (Setup_fdce_C_D)       -0.043   176.689    task2_inst/dataB_o_reg[3]
  -------------------------------------------------------------------
                         required time                        176.689    
                         arrival time                        -177.386    
  -------------------------------------------------------------------
                         slack                                 -0.697    

Slack (VIOLATED) :        -0.683ns  (required time - arrival time)
  Source:                 task2_inst/dataA_hold_ff_reg[2]/C
                            (rising edge-triggered cell FDCE clocked by clk_out1_clk_wiz_0  {rise@0.000ns fall@17.857ns period=35.714ns})
  Destination:            task2_inst/dataB_o_reg[2]/D
                            (rising edge-triggered cell FDCE clocked by clk_out2_clk_wiz_0  {rise@0.000ns fall@12.857ns period=25.714ns})
  Path Group:             clk_out2_clk_wiz_0
  Path Type:              Setup (Max at Slow Process Corner)
  Requirement:            1.429ns  (clk_out2_clk_wiz_0 rise@180.000ns - clk_out1_clk_wiz_0 rise@178.571ns)
  Data Path Delay:        1.665ns  (logic 0.456ns (27.383%)  route 1.209ns (72.617%))
  Logic Levels:           0  
  Clock Path Skew:        -0.205ns (DCD - SCD + CPR)
    Destination Clock Delay (DCD):    -2.545ns = ( 177.455 - 180.000 ) 
    Source Clock Delay      (SCD):    -2.869ns = ( 175.702 - 178.571 ) 
    Clock Pessimism Removal (CPR):    -0.530ns
  Clock Uncertainty:      0.194ns  ((TSJ^2 + DJ^2)^1/2) / 2 + PE
    Total System Jitter     (TSJ):    0.071ns
    Discrete Jitter          (DJ):    0.129ns
    Phase Error              (PE):    0.120ns

    Location             Delay type                Incr(ns)  Path(ns)    Netlist Resource(s)
  -------------------------------------------------------------------    -------------------
                         (clock clk_out1_clk_wiz_0 rise edge)
                                                    178.571   178.571 r  
    N15                                               0.000   178.571 r  clk_i (IN)
                         net (fo=0)                   0.000   178.571    clk_wiz_0_inst/inst/clk_in1
    N15                  IBUF (Prop_ibuf_I_O)         0.948   179.519 r  clk_wiz_0_inst/inst/clkin1_ibufg/O
                         net (fo=1, routed)           1.253   180.772    clk_wiz_0_inst/inst/clk_in1_clk_wiz_0
    PLLE2_ADV_X0Y1       PLLE2_ADV (Prop_plle2_adv_CLKIN1_CLKOUT0)
                                                     -8.590   172.182 r  clk_wiz_0_inst/inst/plle2_adv_inst/CLKOUT0
                         net (fo=1, routed)           1.704   173.887    clk_wiz_0_inst/inst/clk_out1_clk_wiz_0
    BUFGCTRL_X0Y1        BUFG (Prop_bufg_I_O)         0.096   173.983 r  clk_wiz_0_inst/inst/clkout1_buf/O
                         net (fo=12, routed)          1.719   175.702    task2_inst/CLK
    SLICE_X0Y62          FDCE                                         r  task2_inst/dataA_hold_ff_reg[2]/C
  -------------------------------------------------------------------    -------------------
    SLICE_X0Y62          FDCE (Prop_fdce_C_Q)         0.456   176.158 r  task2_inst/dataA_hold_ff_reg[2]/Q
                         net (fo=1, routed)           1.209   177.367    task2_inst/dataA_hold_ff[2]
    SLICE_X3Y62          FDCE                                         r  task2_inst/dataB_o_reg[2]/D
  -------------------------------------------------------------------    -------------------

                         (clock clk_out2_clk_wiz_0 rise edge)
                                                    180.000   180.000 r  
    N15                                               0.000   180.000 r  clk_i (IN)
                         net (fo=0)                   0.000   180.000    clk_wiz_0_inst/inst/clk_in1
    N15                  IBUF (Prop_ibuf_I_O)         0.814   180.814 r  clk_wiz_0_inst/inst/clkin1_ibufg/O
                         net (fo=1, routed)           1.181   181.995    clk_wiz_0_inst/inst/clk_in1_clk_wiz_0
    PLLE2_ADV_X0Y1       PLLE2_ADV (Prop_plle2_adv_CLKIN1_CLKOUT1)
                                                     -7.855   174.141 r  clk_wiz_0_inst/inst/plle2_adv_inst/CLKOUT1
                         net (fo=1, routed)           1.625   175.766    clk_wiz_0_inst/inst/clk_out2_clk_wiz_0
    BUFGCTRL_X0Y0        BUFG (Prop_bufg_I_O)         0.091   175.857 r  clk_wiz_0_inst/inst/clkout2_buf/O
                         net (fo=14, routed)          1.598   177.455    task2_inst/clkB_i
    SLICE_X3Y62          FDCE                                         r  task2_inst/dataB_o_reg[2]/C
                         clock pessimism             -0.530   176.925    
                         clock uncertainty           -0.194   176.732    
    SLICE_X3Y62          FDCE (Setup_fdce_C_D)       -0.047   176.685    task2_inst/dataB_o_reg[2]
  -------------------------------------------------------------------
                         required time                        176.685    
                         arrival time                        -177.367    
  -------------------------------------------------------------------
                         slack                                 -0.683    





Min Delay Paths
--------------------------------------------------------------------------------------
Slack (MET) :             0.088ns  (arrival time - required time)
  Source:                 task2_inst/dataA_hold_ff_reg[2]/C
                            (rising edge-triggered cell FDCE clocked by clk_out1_clk_wiz_0  {rise@0.000ns fall@17.857ns period=35.714ns})
  Destination:            task2_inst/dataB_o_reg[2]/D
                            (rising edge-triggered cell FDCE clocked by clk_out2_clk_wiz_0  {rise@0.000ns fall@12.857ns period=25.714ns})
  Path Group:             clk_out2_clk_wiz_0
  Path Type:              Hold (Min at Fast Process Corner)
  Requirement:            0.000ns  (clk_out2_clk_wiz_0 rise@0.000ns - clk_out1_clk_wiz_0 rise@0.000ns)
  Data Path Delay:        0.677ns  (logic 0.141ns (20.819%)  route 0.536ns (79.181%))
  Logic Levels:           0  
  Clock Path Skew:        0.321ns (DCD - SCD - CPR)
    Destination Clock Delay (DCD):    -0.356ns
    Source Clock Delay      (SCD):    -0.587ns
    Clock Pessimism Removal (CPR):    -0.089ns
  Clock Uncertainty:      0.194ns  ((TSJ^2 + DJ^2)^1/2) / 2 + PE
    Total System Jitter     (TSJ):    0.071ns
    Discrete Jitter          (DJ):    0.129ns
    Phase Error              (PE):    0.120ns

    Location             Delay type                Incr(ns)  Path(ns)    Netlist Resource(s)
  -------------------------------------------------------------------    -------------------
                         (clock clk_out1_clk_wiz_0 rise edge)
                                                      0.000     0.000 r  
    N15                                               0.000     0.000 r  clk_i (IN)
                         net (fo=0)                   0.000     0.000    clk_wiz_0_inst/inst/clk_in1
    N15                  IBUF (Prop_ibuf_I_O)         0.177     0.177 r  clk_wiz_0_inst/inst/clkin1_ibufg/O
                         net (fo=1, routed)           0.440     0.617    clk_wiz_0_inst/inst/clk_in1_clk_wiz_0
    PLLE2_ADV_X0Y1       PLLE2_ADV (Prop_plle2_adv_CLKIN1_CLKOUT0)
                                                     -2.339    -1.722 r  clk_wiz_0_inst/inst/plle2_adv_inst/CLKOUT0
                         net (fo=1, routed)           0.510    -1.212    clk_wiz_0_inst/inst/clk_out1_clk_wiz_0
    BUFGCTRL_X0Y1        BUFG (Prop_bufg_I_O)         0.026    -1.186 r  clk_wiz_0_inst/inst/clkout1_buf/O
                         net (fo=12, routed)          0.599    -0.587    task2_inst/CLK
    SLICE_X0Y62          FDCE                                         r  task2_inst/dataA_hold_ff_reg[2]/C
  -------------------------------------------------------------------    -------------------
    SLICE_X0Y62          FDCE (Prop_fdce_C_Q)         0.141    -0.446 r  task2_inst/dataA_hold_ff_reg[2]/Q
                         net (fo=1, routed)           0.536     0.090    task2_inst/dataA_hold_ff[2]
    SLICE_X3Y62          FDCE                                         r  task2_inst/dataB_o_reg[2]/D
  -------------------------------------------------------------------    -------------------

                         (clock clk_out2_clk_wiz_0 rise edge)
                                                      0.000     0.000 r  
    N15                                               0.000     0.000 r  clk_i (IN)
                         net (fo=0)                   0.000     0.000    clk_wiz_0_inst/inst/clk_in1
    N15                  IBUF (Prop_ibuf_I_O)         0.365     0.365 r  clk_wiz_0_inst/inst/clkin1_ibufg/O
                         net (fo=1, routed)           0.481     0.846    clk_wiz_0_inst/inst/clk_in1_clk_wiz_0
    PLLE2_ADV_X0Y1       PLLE2_ADV (Prop_plle2_adv_CLKIN1_CLKOUT1)
                                                     -2.657    -1.811 r  clk_wiz_0_inst/inst/plle2_adv_inst/CLKOUT1
                         net (fo=1, routed)           0.556    -1.255    clk_wiz_0_inst/inst/clk_out2_clk_wiz_0
    BUFGCTRL_X0Y0        BUFG (Prop_bufg_I_O)         0.029    -1.226 r  clk_wiz_0_inst/inst/clkout2_buf/O
                         net (fo=14, routed)          0.871    -0.356    task2_inst/clkB_i
    SLICE_X3Y62          FDCE                                         r  task2_inst/dataB_o_reg[2]/C
                         clock pessimism              0.089    -0.266    
                         clock uncertainty            0.194    -0.073    
    SLICE_X3Y62          FDCE (Hold_fdce_C_D)         0.075     0.002    task2_inst/dataB_o_reg[2]
  -------------------------------------------------------------------
                         required time                         -0.002    
                         arrival time                           0.090    
  -------------------------------------------------------------------
                         slack                                  0.088    

Slack (MET) :             0.122ns  (arrival time - required time)
  Source:                 task2_inst/dataA_hold_ff_reg[3]/C
                            (rising edge-triggered cell FDCE clocked by clk_out1_clk_wiz_0  {rise@0.000ns fall@17.857ns period=35.714ns})
  Destination:            task2_inst/dataB_o_reg[3]/D
                            (rising edge-triggered cell FDCE clocked by clk_out2_clk_wiz_0  {rise@0.000ns fall@12.857ns period=25.714ns})
  Path Group:             clk_out2_clk_wiz_0
  Path Type:              Hold (Min at Fast Process Corner)
  Requirement:            0.000ns  (clk_out2_clk_wiz_0 rise@0.000ns - clk_out1_clk_wiz_0 rise@0.000ns)
  Data Path Delay:        0.713ns  (logic 0.141ns (19.777%)  route 0.572ns (80.223%))
  Logic Levels:           0  
  Clock Path Skew:        0.321ns (DCD - SCD - CPR)
    Destination Clock Delay (DCD):    -0.356ns
    Source Clock Delay      (SCD):    -0.587ns
    Clock Pessimism Removal (CPR):    -0.089ns
  Clock Uncertainty:      0.194ns  ((TSJ^2 + DJ^2)^1/2) / 2 + PE
    Total System Jitter     (TSJ):    0.071ns
    Discrete Jitter          (DJ):    0.129ns
    Phase Error              (PE):    0.120ns

    Location             Delay type                Incr(ns)  Path(ns)    Netlist Resource(s)
  -------------------------------------------------------------------    -------------------
                         (clock clk_out1_clk_wiz_0 rise edge)
                                                      0.000     0.000 r  
    N15                                               0.000     0.000 r  clk_i (IN)
                         net (fo=0)                   0.000     0.000    clk_wiz_0_inst/inst/clk_in1
    N15                  IBUF (Prop_ibuf_I_O)         0.177     0.177 r  clk_wiz_0_inst/inst/clkin1_ibufg/O
                         net (fo=1, routed)           0.440     0.617    clk_wiz_0_inst/inst/clk_in1_clk_wiz_0
    PLLE2_ADV_X0Y1       PLLE2_ADV (Prop_plle2_adv_CLKIN1_CLKOUT0)
                                                     -2.339    -1.722 r  clk_wiz_0_inst/inst/plle2_adv_inst/CLKOUT0
                         net (fo=1, routed)           0.510    -1.212    clk_wiz_0_inst/inst/clk_out1_clk_wiz_0
    BUFGCTRL_X0Y1        BUFG (Prop_bufg_I_O)         0.026    -1.186 r  clk_wiz_0_inst/inst/clkout1_buf/O
                         net (fo=12, routed)          0.599    -0.587    task2_inst/CLK
    SLICE_X0Y62          FDCE                                         r  task2_inst/dataA_hold_ff_reg[3]/C
  -------------------------------------------------------------------    -------------------
    SLICE_X0Y62          FDCE (Prop_fdce_C_Q)         0.141    -0.446 r  task2_inst/dataA_hold_ff_reg[3]/Q
                         net (fo=1, routed)           0.572     0.126    task2_inst/dataA_hold_ff[3]
    SLICE_X3Y62          FDCE                                         r  task2_inst/dataB_o_reg[3]/D
  -------------------------------------------------------------------    -------------------

                         (clock clk_out2_clk_wiz_0 rise edge)
                                                      0.000     0.000 r  
    N15                                               0.000     0.000 r  clk_i (IN)
                         net (fo=0)                   0.000     0.000    clk_wiz_0_inst/inst/clk_in1
    N15                  IBUF (Prop_ibuf_I_O)         0.365     0.365 r  clk_wiz_0_inst/inst/clkin1_ibufg/O
                         net (fo=1, routed)           0.481     0.846    clk_wiz_0_inst/inst/clk_in1_clk_wiz_0
    PLLE2_ADV_X0Y1       PLLE2_ADV (Prop_plle2_adv_CLKIN1_CLKOUT1)
                                                     -2.657    -1.811 r  clk_wiz_0_inst/inst/plle2_adv_inst/CLKOUT1
                         net (fo=1, routed)           0.556    -1.255    clk_wiz_0_inst/inst/clk_out2_clk_wiz_0
    BUFGCTRL_X0Y0        BUFG (Prop_bufg_I_O)         0.029    -1.226 r  clk_wiz_0_inst/inst/clkout2_buf/O
                         net (fo=14, routed)          0.871    -0.356    task2_inst/clkB_i
    SLICE_X3Y62          FDCE                                         r  task2_inst/dataB_o_reg[3]/C
                         clock pessimism              0.089    -0.266    
                         clock uncertainty            0.194    -0.073    
    SLICE_X3Y62          FDCE (Hold_fdce_C_D)         0.076     0.003    task2_inst/dataB_o_reg[3]
  -------------------------------------------------------------------
                         required time                         -0.003    
                         arrival time                           0.126    
  -------------------------------------------------------------------
                         slack                                  0.122    

Slack (MET) :             0.123ns  (arrival time - required time)
  Source:                 task2_inst/dataA_hold_ff_reg[6]/C
                            (rising edge-triggered cell FDCE clocked by clk_out1_clk_wiz_0  {rise@0.000ns fall@17.857ns period=35.714ns})
  Destination:            task2_inst/dataB_o_reg[6]/D
                            (rising edge-triggered cell FDCE clocked by clk_out2_clk_wiz_0  {rise@0.000ns fall@12.857ns period=25.714ns})
  Path Group:             clk_out2_clk_wiz_0
  Path Type:              Hold (Min at Fast Process Corner)
  Requirement:            0.000ns  (clk_out2_clk_wiz_0 rise@0.000ns - clk_out1_clk_wiz_0 rise@0.000ns)
  Data Path Delay:        0.660ns  (logic 0.128ns (19.395%)  route 0.532ns (80.605%))
  Logic Levels:           0  
  Clock Path Skew:        0.321ns (DCD - SCD - CPR)
    Destination Clock Delay (DCD):    -0.356ns
    Source Clock Delay      (SCD):    -0.587ns
    Clock Pessimism Removal (CPR):    -0.089ns
  Clock Uncertainty:      0.194ns  ((TSJ^2 + DJ^2)^1/2) / 2 + PE
    Total System Jitter     (TSJ):    0.071ns
    Discrete Jitter          (DJ):    0.129ns
    Phase Error              (PE):    0.120ns

    Location             Delay type                Incr(ns)  Path(ns)    Netlist Resource(s)
  -------------------------------------------------------------------    -------------------
                         (clock clk_out1_clk_wiz_0 rise edge)
                                                      0.000     0.000 r  
    N15                                               0.000     0.000 r  clk_i (IN)
                         net (fo=0)                   0.000     0.000    clk_wiz_0_inst/inst/clk_in1
    N15                  IBUF (Prop_ibuf_I_O)         0.177     0.177 r  clk_wiz_0_inst/inst/clkin1_ibufg/O
                         net (fo=1, routed)           0.440     0.617    clk_wiz_0_inst/inst/clk_in1_clk_wiz_0
    PLLE2_ADV_X0Y1       PLLE2_ADV (Prop_plle2_adv_CLKIN1_CLKOUT0)
                                                     -2.339    -1.722 r  clk_wiz_0_inst/inst/plle2_adv_inst/CLKOUT0
                         net (fo=1, routed)           0.510    -1.212    clk_wiz_0_inst/inst/clk_out1_clk_wiz_0
    BUFGCTRL_X0Y1        BUFG (Prop_bufg_I_O)         0.026    -1.186 r  clk_wiz_0_inst/inst/clkout1_buf/O
                         net (fo=12, routed)          0.599    -0.587    task2_inst/CLK
    SLICE_X0Y62          FDCE                                         r  task2_inst/dataA_hold_ff_reg[6]/C
  -------------------------------------------------------------------    -------------------
    SLICE_X0Y62          FDCE (Prop_fdce_C_Q)         0.128    -0.459 r  task2_inst/dataA_hold_ff_reg[6]/Q
                         net (fo=1, routed)           0.532     0.073    task2_inst/dataA_hold_ff[6]
    SLICE_X1Y62          FDCE                                         r  task2_inst/dataB_o_reg[6]/D
  -------------------------------------------------------------------    -------------------

                         (clock clk_out2_clk_wiz_0 rise edge)
                                                      0.000     0.000 r  
    N15                                               0.000     0.000 r  clk_i (IN)
                         net (fo=0)                   0.000     0.000    clk_wiz_0_inst/inst/clk_in1
    N15                  IBUF (Prop_ibuf_I_O)         0.365     0.365 r  clk_wiz_0_inst/inst/clkin1_ibufg/O
                         net (fo=1, routed)           0.481     0.846    clk_wiz_0_inst/inst/clk_in1_clk_wiz_0
    PLLE2_ADV_X0Y1       PLLE2_ADV (Prop_plle2_adv_CLKIN1_CLKOUT1)
                                                     -2.657    -1.811 r  clk_wiz_0_inst/inst/plle2_adv_inst/CLKOUT1
                         net (fo=1, routed)           0.556    -1.255    clk_wiz_0_inst/inst/clk_out2_clk_wiz_0
    BUFGCTRL_X0Y0        BUFG (Prop_bufg_I_O)         0.029    -1.226 r  clk_wiz_0_inst/inst/clkout2_buf/O
                         net (fo=14, routed)          0.871    -0.356    task2_inst/clkB_i
    SLICE_X1Y62          FDCE                                         r  task2_inst/dataB_o_reg[6]/C
                         clock pessimism              0.089    -0.266    
                         clock uncertainty            0.194    -0.073    
    SLICE_X1Y62          FDCE (Hold_fdce_C_D)         0.023    -0.050    task2_inst/dataB_o_reg[6]
  -------------------------------------------------------------------
                         required time                          0.050    
                         arrival time                           0.073    
  -------------------------------------------------------------------
                         slack                                  0.123    

Slack (MET) :             0.123ns  (arrival time - required time)
  Source:                 task2_inst/dataA_hold_ff_reg[7]/C
                            (rising edge-triggered cell FDCE clocked by clk_out1_clk_wiz_0  {rise@0.000ns fall@17.857ns period=35.714ns})
  Destination:            task2_inst/dataB_o_reg[7]/D
                            (rising edge-triggered cell FDCE clocked by clk_out2_clk_wiz_0  {rise@0.000ns fall@12.857ns period=25.714ns})
  Path Group:             clk_out2_clk_wiz_0
  Path Type:              Hold (Min at Fast Process Corner)
  Requirement:            0.000ns  (clk_out2_clk_wiz_0 rise@0.000ns - clk_out1_clk_wiz_0 rise@0.000ns)
  Data Path Delay:        0.663ns  (logic 0.128ns (19.319%)  route 0.535ns (80.681%))
  Logic Levels:           0  
  Clock Path Skew:        0.321ns (DCD - SCD - CPR)
    Destination Clock Delay (DCD):    -0.356ns
    Source Clock Delay      (SCD):    -0.587ns
    Clock Pessimism Removal (CPR):    -0.089ns
  Clock Uncertainty:      0.194ns  ((TSJ^2 + DJ^2)^1/2) / 2 + PE
    Total System Jitter     (TSJ):    0.071ns
    Discrete Jitter          (DJ):    0.129ns
    Phase Error              (PE):    0.120ns

    Location             Delay type                Incr(ns)  Path(ns)    Netlist Resource(s)
  -------------------------------------------------------------------    -------------------
                         (clock clk_out1_clk_wiz_0 rise edge)
                                                      0.000     0.000 r  
    N15                                               0.000     0.000 r  clk_i (IN)
                         net (fo=0)                   0.000     0.000    clk_wiz_0_inst/inst/clk_in1
    N15                  IBUF (Prop_ibuf_I_O)         0.177     0.177 r  clk_wiz_0_inst/inst/clkin1_ibufg/O
                         net (fo=1, routed)           0.440     0.617    clk_wiz_0_inst/inst/clk_in1_clk_wiz_0
    PLLE2_ADV_X0Y1       PLLE2_ADV (Prop_plle2_adv_CLKIN1_CLKOUT0)
                                                     -2.339    -1.722 r  clk_wiz_0_inst/inst/plle2_adv_inst/CLKOUT0
                         net (fo=1, routed)           0.510    -1.212    clk_wiz_0_inst/inst/clk_out1_clk_wiz_0
    BUFGCTRL_X0Y1        BUFG (Prop_bufg_I_O)         0.026    -1.186 r  clk_wiz_0_inst/inst/clkout1_buf/O
                         net (fo=12, routed)          0.599    -0.587    task2_inst/CLK
    SLICE_X0Y62          FDCE                                         r  task2_inst/dataA_hold_ff_reg[7]/C
  -------------------------------------------------------------------    -------------------
    SLICE_X0Y62          FDCE (Prop_fdce_C_Q)         0.128    -0.459 r  task2_inst/dataA_hold_ff_reg[7]/Q
                         net (fo=1, routed)           0.535     0.075    task2_inst/dataA_hold_ff[7]
    SLICE_X1Y62          FDCE                                         r  task2_inst/dataB_o_reg[7]/D
  -------------------------------------------------------------------    -------------------

                         (clock clk_out2_clk_wiz_0 rise edge)
                                                      0.000     0.000 r  
    N15                                               0.000     0.000 r  clk_i (IN)
                         net (fo=0)                   0.000     0.000    clk_wiz_0_inst/inst/clk_in1
    N15                  IBUF (Prop_ibuf_I_O)         0.365     0.365 r  clk_wiz_0_inst/inst/clkin1_ibufg/O
                         net (fo=1, routed)           0.481     0.846    clk_wiz_0_inst/inst/clk_in1_clk_wiz_0
    PLLE2_ADV_X0Y1       PLLE2_ADV (Prop_plle2_adv_CLKIN1_CLKOUT1)
                                                     -2.657    -1.811 r  clk_wiz_0_inst/inst/plle2_adv_inst/CLKOUT1
                         net (fo=1, routed)           0.556    -1.255    clk_wiz_0_inst/inst/clk_out2_clk_wiz_0
    BUFGCTRL_X0Y0        BUFG (Prop_bufg_I_O)         0.029    -1.226 r  clk_wiz_0_inst/inst/clkout2_buf/O
                         net (fo=14, routed)          0.871    -0.356    task2_inst/clkB_i
    SLICE_X1Y62          FDCE                                         r  task2_inst/dataB_o_reg[7]/C
                         clock pessimism              0.089    -0.266    
                         clock uncertainty            0.194    -0.073    
    SLICE_X1Y62          FDCE (Hold_fdce_C_D)         0.025    -0.048    task2_inst/dataB_o_reg[7]
  -------------------------------------------------------------------
                         required time                          0.048    
                         arrival time                           0.075    
  -------------------------------------------------------------------
                         slack                                  0.123    

Slack (MET) :             0.129ns  (arrival time - required time)
  Source:                 task2_inst/dataA_hold_ff_reg[1]/C
                            (rising edge-triggered cell FDCE clocked by clk_out1_clk_wiz_0  {rise@0.000ns fall@17.857ns period=35.714ns})
  Destination:            task2_inst/dataB_o_reg[1]/D
                            (rising edge-triggered cell FDCE clocked by clk_out2_clk_wiz_0  {rise@0.000ns fall@12.857ns period=25.714ns})
  Path Group:             clk_out2_clk_wiz_0
  Path Type:              Hold (Min at Fast Process Corner)
  Requirement:            0.000ns  (clk_out2_clk_wiz_0 rise@0.000ns - clk_out1_clk_wiz_0 rise@0.000ns)
  Data Path Delay:        0.715ns  (logic 0.141ns (19.734%)  route 0.574ns (80.266%))
  Logic Levels:           0  
  Clock Path Skew:        0.321ns (DCD - SCD - CPR)
    Destination Clock Delay (DCD):    -0.356ns
    Source Clock Delay      (SCD):    -0.587ns
    Clock Pessimism Removal (CPR):    -0.089ns
  Clock Uncertainty:      0.194ns  ((TSJ^2 + DJ^2)^1/2) / 2 + PE
    Total System Jitter     (TSJ):    0.071ns
    Discrete Jitter          (DJ):    0.129ns
    Phase Error              (PE):    0.120ns

    Location             Delay type                Incr(ns)  Path(ns)    Netlist Resource(s)
  -------------------------------------------------------------------    -------------------
                         (clock clk_out1_clk_wiz_0 rise edge)
                                                      0.000     0.000 r  
    N15                                               0.000     0.000 r  clk_i (IN)
                         net (fo=0)                   0.000     0.000    clk_wiz_0_inst/inst/clk_in1
    N15                  IBUF (Prop_ibuf_I_O)         0.177     0.177 r  clk_wiz_0_inst/inst/clkin1_ibufg/O
                         net (fo=1, routed)           0.440     0.617    clk_wiz_0_inst/inst/clk_in1_clk_wiz_0
    PLLE2_ADV_X0Y1       PLLE2_ADV (Prop_plle2_adv_CLKIN1_CLKOUT0)
                                                     -2.339    -1.722 r  clk_wiz_0_inst/inst/plle2_adv_inst/CLKOUT0
                         net (fo=1, routed)           0.510    -1.212    clk_wiz_0_inst/inst/clk_out1_clk_wiz_0
    BUFGCTRL_X0Y1        BUFG (Prop_bufg_I_O)         0.026    -1.186 r  clk_wiz_0_inst/inst/clkout1_buf/O
                         net (fo=12, routed)          0.599    -0.587    task2_inst/CLK
    SLICE_X0Y62          FDCE                                         r  task2_inst/dataA_hold_ff_reg[1]/C
  -------------------------------------------------------------------    -------------------
    SLICE_X0Y62          FDCE (Prop_fdce_C_Q)         0.141    -0.446 r  task2_inst/dataA_hold_ff_reg[1]/Q
                         net (fo=1, routed)           0.574     0.127    task2_inst/dataA_hold_ff[1]
    SLICE_X3Y62          FDCE                                         r  task2_inst/dataB_o_reg[1]/D
  -------------------------------------------------------------------    -------------------

                         (clock clk_out2_clk_wiz_0 rise edge)
                                                      0.000     0.000 r  
    N15                                               0.000     0.000 r  clk_i (IN)
                         net (fo=0)                   0.000     0.000    clk_wiz_0_inst/inst/clk_in1
    N15                  IBUF (Prop_ibuf_I_O)         0.365     0.365 r  clk_wiz_0_inst/inst/clkin1_ibufg/O
                         net (fo=1, routed)           0.481     0.846    clk_wiz_0_inst/inst/clk_in1_clk_wiz_0
    PLLE2_ADV_X0Y1       PLLE2_ADV (Prop_plle2_adv_CLKIN1_CLKOUT1)
                                                     -2.657    -1.811 r  clk_wiz_0_inst/inst/plle2_adv_inst/CLKOUT1
                         net (fo=1, routed)           0.556    -1.255    clk_wiz_0_inst/inst/clk_out2_clk_wiz_0
    BUFGCTRL_X0Y0        BUFG (Prop_bufg_I_O)         0.029    -1.226 r  clk_wiz_0_inst/inst/clkout2_buf/O
                         net (fo=14, routed)          0.871    -0.356    task2_inst/clkB_i
    SLICE_X3Y62          FDCE                                         r  task2_inst/dataB_o_reg[1]/C
                         clock pessimism              0.089    -0.266    
                         clock uncertainty            0.194    -0.073    
    SLICE_X3Y62          FDCE (Hold_fdce_C_D)         0.071    -0.002    task2_inst/dataB_o_reg[1]
  -------------------------------------------------------------------
                         required time                          0.002    
                         arrival time                           0.127    
  -------------------------------------------------------------------
                         slack                                  0.129    

Slack (MET) :             0.139ns  (arrival time - required time)
  Source:                 task2_inst/dataA_hold_ff_reg[0]/C
                            (rising edge-triggered cell FDCE clocked by clk_out1_clk_wiz_0  {rise@0.000ns fall@17.857ns period=35.714ns})
  Destination:            task2_inst/dataB_o_reg[0]/D
                            (rising edge-triggered cell FDCE clocked by clk_out2_clk_wiz_0  {rise@0.000ns fall@12.857ns period=25.714ns})
  Path Group:             clk_out2_clk_wiz_0
  Path Type:              Hold (Min at Fast Process Corner)
  Requirement:            0.000ns  (clk_out2_clk_wiz_0 rise@0.000ns - clk_out1_clk_wiz_0 rise@0.000ns)
  Data Path Delay:        0.732ns  (logic 0.141ns (19.268%)  route 0.591ns (80.732%))
  Logic Levels:           0  
  Clock Path Skew:        0.321ns (DCD - SCD - CPR)
    Destination Clock Delay (DCD):    -0.356ns
    Source Clock Delay      (SCD):    -0.587ns
    Clock Pessimism Removal (CPR):    -0.089ns
  Clock Uncertainty:      0.194ns  ((TSJ^2 + DJ^2)^1/2) / 2 + PE
    Total System Jitter     (TSJ):    0.071ns
    Discrete Jitter          (DJ):    0.129ns
    Phase Error              (PE):    0.120ns

    Location             Delay type                Incr(ns)  Path(ns)    Netlist Resource(s)
  -------------------------------------------------------------------    -------------------
                         (clock clk_out1_clk_wiz_0 rise edge)
                                                      0.000     0.000 r  
    N15                                               0.000     0.000 r  clk_i (IN)
                         net (fo=0)                   0.000     0.000    clk_wiz_0_inst/inst/clk_in1
    N15                  IBUF (Prop_ibuf_I_O)         0.177     0.177 r  clk_wiz_0_inst/inst/clkin1_ibufg/O
                         net (fo=1, routed)           0.440     0.617    clk_wiz_0_inst/inst/clk_in1_clk_wiz_0
    PLLE2_ADV_X0Y1       PLLE2_ADV (Prop_plle2_adv_CLKIN1_CLKOUT0)
                                                     -2.339    -1.722 r  clk_wiz_0_inst/inst/plle2_adv_inst/CLKOUT0
                         net (fo=1, routed)           0.510    -1.212    clk_wiz_0_inst/inst/clk_out1_clk_wiz_0
    BUFGCTRL_X0Y1        BUFG (Prop_bufg_I_O)         0.026    -1.186 r  clk_wiz_0_inst/inst/clkout1_buf/O
                         net (fo=12, routed)          0.599    -0.587    task2_inst/CLK
    SLICE_X0Y62          FDCE                                         r  task2_inst/dataA_hold_ff_reg[0]/C
  -------------------------------------------------------------------    -------------------
    SLICE_X0Y62          FDCE (Prop_fdce_C_Q)         0.141    -0.446 r  task2_inst/dataA_hold_ff_reg[0]/Q
                         net (fo=1, routed)           0.591     0.145    task2_inst/dataA_hold_ff[0]
    SLICE_X3Y62          FDCE                                         r  task2_inst/dataB_o_reg[0]/D
  -------------------------------------------------------------------    -------------------

                         (clock clk_out2_clk_wiz_0 rise edge)
                                                      0.000     0.000 r  
    N15                                               0.000     0.000 r  clk_i (IN)
                         net (fo=0)                   0.000     0.000    clk_wiz_0_inst/inst/clk_in1
    N15                  IBUF (Prop_ibuf_I_O)         0.365     0.365 r  clk_wiz_0_inst/inst/clkin1_ibufg/O
                         net (fo=1, routed)           0.481     0.846    clk_wiz_0_inst/inst/clk_in1_clk_wiz_0
    PLLE2_ADV_X0Y1       PLLE2_ADV (Prop_plle2_adv_CLKIN1_CLKOUT1)
                                                     -2.657    -1.811 r  clk_wiz_0_inst/inst/plle2_adv_inst/CLKOUT1
                         net (fo=1, routed)           0.556    -1.255    clk_wiz_0_inst/inst/clk_out2_clk_wiz_0
    BUFGCTRL_X0Y0        BUFG (Prop_bufg_I_O)         0.029    -1.226 r  clk_wiz_0_inst/inst/clkout2_buf/O
                         net (fo=14, routed)          0.871    -0.356    task2_inst/clkB_i
    SLICE_X3Y62          FDCE                                         r  task2_inst/dataB_o_reg[0]/C
                         clock pessimism              0.089    -0.266    
                         clock uncertainty            0.194    -0.073    
    SLICE_X3Y62          FDCE (Hold_fdce_C_D)         0.078     0.005    task2_inst/dataB_o_reg[0]
  -------------------------------------------------------------------
                         required time                         -0.005    
                         arrival time                           0.145    
  -------------------------------------------------------------------
                         slack                                  0.139    

Slack (MET) :             0.142ns  (arrival time - required time)
  Source:                 task2_inst/dataA_hold_ff_reg[4]/C
                            (rising edge-triggered cell FDCE clocked by clk_out1_clk_wiz_0  {rise@0.000ns fall@17.857ns period=35.714ns})
  Destination:            task2_inst/dataB_o_reg[4]/D
                            (rising edge-triggered cell FDCE clocked by clk_out2_clk_wiz_0  {rise@0.000ns fall@12.857ns period=25.714ns})
  Path Group:             clk_out2_clk_wiz_0
  Path Type:              Hold (Min at Fast Process Corner)
  Requirement:            0.000ns  (clk_out2_clk_wiz_0 rise@0.000ns - clk_out1_clk_wiz_0 rise@0.000ns)
  Data Path Delay:        0.677ns  (logic 0.128ns (18.894%)  route 0.549ns (81.106%))
  Logic Levels:           0  
  Clock Path Skew:        0.321ns (DCD - SCD - CPR)
    Destination Clock Delay (DCD):    -0.356ns
    Source Clock Delay      (SCD):    -0.587ns
    Clock Pessimism Removal (CPR):    -0.089ns
  Clock Uncertainty:      0.194ns  ((TSJ^2 + DJ^2)^1/2) / 2 + PE
    Total System Jitter     (TSJ):    0.071ns
    Discrete Jitter          (DJ):    0.129ns
    Phase Error              (PE):    0.120ns

    Location             Delay type                Incr(ns)  Path(ns)    Netlist Resource(s)
  -------------------------------------------------------------------    -------------------
                         (clock clk_out1_clk_wiz_0 rise edge)
                                                      0.000     0.000 r  
    N15                                               0.000     0.000 r  clk_i (IN)
                         net (fo=0)                   0.000     0.000    clk_wiz_0_inst/inst/clk_in1
    N15                  IBUF (Prop_ibuf_I_O)         0.177     0.177 r  clk_wiz_0_inst/inst/clkin1_ibufg/O
                         net (fo=1, routed)           0.440     0.617    clk_wiz_0_inst/inst/clk_in1_clk_wiz_0
    PLLE2_ADV_X0Y1       PLLE2_ADV (Prop_plle2_adv_CLKIN1_CLKOUT0)
                                                     -2.339    -1.722 r  clk_wiz_0_inst/inst/plle2_adv_inst/CLKOUT0
                         net (fo=1, routed)           0.510    -1.212    clk_wiz_0_inst/inst/clk_out1_clk_wiz_0
    BUFGCTRL_X0Y1        BUFG (Prop_bufg_I_O)         0.026    -1.186 r  clk_wiz_0_inst/inst/clkout1_buf/O
                         net (fo=12, routed)          0.599    -0.587    task2_inst/CLK
    SLICE_X0Y62          FDCE                                         r  task2_inst/dataA_hold_ff_reg[4]/C
  -------------------------------------------------------------------    -------------------
    SLICE_X0Y62          FDCE (Prop_fdce_C_Q)         0.128    -0.459 r  task2_inst/dataA_hold_ff_reg[4]/Q
                         net (fo=1, routed)           0.549     0.090    task2_inst/dataA_hold_ff[4]
    SLICE_X1Y62          FDCE                                         r  task2_inst/dataB_o_reg[4]/D
  -------------------------------------------------------------------    -------------------

                         (clock clk_out2_clk_wiz_0 rise edge)
                                                      0.000     0.000 r  
    N15                                               0.000     0.000 r  clk_i (IN)
                         net (fo=0)                   0.000     0.000    clk_wiz_0_inst/inst/clk_in1
    N15                  IBUF (Prop_ibuf_I_O)         0.365     0.365 r  clk_wiz_0_inst/inst/clkin1_ibufg/O
                         net (fo=1, routed)           0.481     0.846    clk_wiz_0_inst/inst/clk_in1_clk_wiz_0
    PLLE2_ADV_X0Y1       PLLE2_ADV (Prop_plle2_adv_CLKIN1_CLKOUT1)
                                                     -2.657    -1.811 r  clk_wiz_0_inst/inst/plle2_adv_inst/CLKOUT1
                         net (fo=1, routed)           0.556    -1.255    clk_wiz_0_inst/inst/clk_out2_clk_wiz_0
    BUFGCTRL_X0Y0        BUFG (Prop_bufg_I_O)         0.029    -1.226 r  clk_wiz_0_inst/inst/clkout2_buf/O
                         net (fo=14, routed)          0.871    -0.356    task2_inst/clkB_i
    SLICE_X1Y62          FDCE                                         r  task2_inst/dataB_o_reg[4]/C
                         clock pessimism              0.089    -0.266    
                         clock uncertainty            0.194    -0.073    
    SLICE_X1Y62          FDCE (Hold_fdce_C_D)         0.021    -0.052    task2_inst/dataB_o_reg[4]
  -------------------------------------------------------------------
                         required time                          0.052    
                         arrival time                           0.090    
  -------------------------------------------------------------------
                         slack                                  0.142    

Slack (MET) :             0.144ns  (arrival time - required time)
  Source:                 task2_inst/toggleA_ff_reg/C
                            (rising edge-triggered cell FDCE clocked by clk_out1_clk_wiz_0  {rise@0.000ns fall@17.857ns period=35.714ns})
  Destination:            task2_inst/syncB_ff_reg[0]/D
                            (rising edge-triggered cell FDCE clocked by clk_out2_clk_wiz_0  {rise@0.000ns fall@12.857ns period=25.714ns})
  Path Group:             clk_out2_clk_wiz_0
  Path Type:              Hold (Min at Fast Process Corner)
  Requirement:            0.000ns  (clk_out2_clk_wiz_0 rise@0.000ns - clk_out1_clk_wiz_0 rise@0.000ns)
  Data Path Delay:        0.733ns  (logic 0.141ns (19.225%)  route 0.592ns (80.775%))
  Logic Levels:           0  
  Clock Path Skew:        0.321ns (DCD - SCD - CPR)
    Destination Clock Delay (DCD):    -0.357ns
    Source Clock Delay      (SCD):    -0.588ns
    Clock Pessimism Removal (CPR):    -0.089ns
  Clock Uncertainty:      0.194ns  ((TSJ^2 + DJ^2)^1/2) / 2 + PE
    Total System Jitter     (TSJ):    0.071ns
    Discrete Jitter          (DJ):    0.129ns
    Phase Error              (PE):    0.120ns

    Location             Delay type                Incr(ns)  Path(ns)    Netlist Resource(s)
  -------------------------------------------------------------------    -------------------
                         (clock clk_out1_clk_wiz_0 rise edge)
                                                      0.000     0.000 r  
    N15                                               0.000     0.000 r  clk_i (IN)
                         net (fo=0)                   0.000     0.000    clk_wiz_0_inst/inst/clk_in1
    N15                  IBUF (Prop_ibuf_I_O)         0.177     0.177 r  clk_wiz_0_inst/inst/clkin1_ibufg/O
                         net (fo=1, routed)           0.440     0.617    clk_wiz_0_inst/inst/clk_in1_clk_wiz_0
    PLLE2_ADV_X0Y1       PLLE2_ADV (Prop_plle2_adv_CLKIN1_CLKOUT0)
                                                     -2.339    -1.722 r  clk_wiz_0_inst/inst/plle2_adv_inst/CLKOUT0
                         net (fo=1, routed)           0.510    -1.212    clk_wiz_0_inst/inst/clk_out1_clk_wiz_0
    BUFGCTRL_X0Y1        BUFG (Prop_bufg_I_O)         0.026    -1.186 r  clk_wiz_0_inst/inst/clkout1_buf/O
                         net (fo=12, routed)          0.598    -0.588    task2_inst/CLK
    SLICE_X3Y63          FDCE                                         r  task2_inst/toggleA_ff_reg/C
  -------------------------------------------------------------------    -------------------
    SLICE_X3Y63          FDCE (Prop_fdce_C_Q)         0.141    -0.447 r  task2_inst/toggleA_ff_reg/Q
                         net (fo=2, routed)           0.592     0.145    task2_inst/toggleA_ff
    SLICE_X0Y63          FDCE                                         r  task2_inst/syncB_ff_reg[0]/D
  -------------------------------------------------------------------    -------------------

                         (clock clk_out2_clk_wiz_0 rise edge)
                                                      0.000     0.000 r  
    N15                                               0.000     0.000 r  clk_i (IN)
                         net (fo=0)                   0.000     0.000    clk_wiz_0_inst/inst/clk_in1
    N15                  IBUF (Prop_ibuf_I_O)         0.365     0.365 r  clk_wiz_0_inst/inst/clkin1_ibufg/O
                         net (fo=1, routed)           0.481     0.846    clk_wiz_0_inst/inst/clk_in1_clk_wiz_0
    PLLE2_ADV_X0Y1       PLLE2_ADV (Prop_plle2_adv_CLKIN1_CLKOUT1)
                                                     -2.657    -1.811 r  clk_wiz_0_inst/inst/plle2_adv_inst/CLKOUT1
                         net (fo=1, routed)           0.556    -1.255    clk_wiz_0_inst/inst/clk_out2_clk_wiz_0
    BUFGCTRL_X0Y0        BUFG (Prop_bufg_I_O)         0.029    -1.226 r  clk_wiz_0_inst/inst/clkout2_buf/O
                         net (fo=14, routed)          0.870    -0.357    task2_inst/clkB_i
    SLICE_X0Y63          FDCE                                         r  task2_inst/syncB_ff_reg[0]/C
                         clock pessimism              0.089    -0.267    
                         clock uncertainty            0.194    -0.074    
    SLICE_X0Y63          FDCE (Hold_fdce_C_D)         0.075     0.001    task2_inst/syncB_ff_reg[0]
  -------------------------------------------------------------------
                         required time                         -0.001    
                         arrival time                           0.145    
  -------------------------------------------------------------------
                         slack                                  0.144    

Slack (MET) :             0.146ns  (arrival time - required time)
  Source:                 task2_inst/dataA_hold_ff_reg[5]/C
                            (rising edge-triggered cell FDCE clocked by clk_out1_clk_wiz_0  {rise@0.000ns fall@17.857ns period=35.714ns})
  Destination:            task2_inst/dataB_o_reg[5]/D
                            (rising edge-triggered cell FDCE clocked by clk_out2_clk_wiz_0  {rise@0.000ns fall@12.857ns period=25.714ns})
  Path Group:             clk_out2_clk_wiz_0
  Path Type:              Hold (Min at Fast Process Corner)
  Requirement:            0.000ns  (clk_out2_clk_wiz_0 rise@0.000ns - clk_out1_clk_wiz_0 rise@0.000ns)
  Data Path Delay:        0.679ns  (logic 0.128ns (18.864%)  route 0.551ns (81.136%))
  Logic Levels:           0  
  Clock Path Skew:        0.321ns (DCD - SCD - CPR)
    Destination Clock Delay (DCD):    -0.356ns
    Source Clock Delay      (SCD):    -0.587ns
    Clock Pessimism Removal (CPR):    -0.089ns
  Clock Uncertainty:      0.194ns  ((TSJ^2 + DJ^2)^1/2) / 2 + PE
    Total System Jitter     (TSJ):    0.071ns
    Discrete Jitter          (DJ):    0.129ns
    Phase Error              (PE):    0.120ns

    Location             Delay type                Incr(ns)  Path(ns)    Netlist Resource(s)
  -------------------------------------------------------------------    -------------------
                         (clock clk_out1_clk_wiz_0 rise edge)
                                                      0.000     0.000 r  
    N15                                               0.000     0.000 r  clk_i (IN)
                         net (fo=0)                   0.000     0.000    clk_wiz_0_inst/inst/clk_in1
    N15                  IBUF (Prop_ibuf_I_O)         0.177     0.177 r  clk_wiz_0_inst/inst/clkin1_ibufg/O
                         net (fo=1, routed)           0.440     0.617    clk_wiz_0_inst/inst/clk_in1_clk_wiz_0
    PLLE2_ADV_X0Y1       PLLE2_ADV (Prop_plle2_adv_CLKIN1_CLKOUT0)
                                                     -2.339    -1.722 r  clk_wiz_0_inst/inst/plle2_adv_inst/CLKOUT0
                         net (fo=1, routed)           0.510    -1.212    clk_wiz_0_inst/inst/clk_out1_clk_wiz_0
    BUFGCTRL_X0Y1        BUFG (Prop_bufg_I_O)         0.026    -1.186 r  clk_wiz_0_inst/inst/clkout1_buf/O
                         net (fo=12, routed)          0.599    -0.587    task2_inst/CLK
    SLICE_X0Y62          FDCE                                         r  task2_inst/dataA_hold_ff_reg[5]/C
  -------------------------------------------------------------------    -------------------
    SLICE_X0Y62          FDCE (Prop_fdce_C_Q)         0.128    -0.459 r  task2_inst/dataA_hold_ff_reg[5]/Q
                         net (fo=1, routed)           0.551     0.091    task2_inst/dataA_hold_ff[5]
    SLICE_X1Y62          FDCE                                         r  task2_inst/dataB_o_reg[5]/D
  -------------------------------------------------------------------    -------------------

                         (clock clk_out2_clk_wiz_0 rise edge)
                                                      0.000     0.000 r  
    N15                                               0.000     0.000 r  clk_i (IN)
                         net (fo=0)                   0.000     0.000    clk_wiz_0_inst/inst/clk_in1
    N15                  IBUF (Prop_ibuf_I_O)         0.365     0.365 r  clk_wiz_0_inst/inst/clkin1_ibufg/O
                         net (fo=1, routed)           0.481     0.846    clk_wiz_0_inst/inst/clk_in1_clk_wiz_0
    PLLE2_ADV_X0Y1       PLLE2_ADV (Prop_plle2_adv_CLKIN1_CLKOUT1)
                                                     -2.657    -1.811 r  clk_wiz_0_inst/inst/plle2_adv_inst/CLKOUT1
                         net (fo=1, routed)           0.556    -1.255    clk_wiz_0_inst/inst/clk_out2_clk_wiz_0
    BUFGCTRL_X0Y0        BUFG (Prop_bufg_I_O)         0.029    -1.226 r  clk_wiz_0_inst/inst/clkout2_buf/O
                         net (fo=14, routed)          0.871    -0.356    task2_inst/clkB_i
    SLICE_X1Y62          FDCE                                         r  task2_inst/dataB_o_reg[5]/C
                         clock pessimism              0.089    -0.266    
                         clock uncertainty            0.194    -0.073    
    SLICE_X1Y62          FDCE (Hold_fdce_C_D)         0.018    -0.055    task2_inst/dataB_o_reg[5]
  -------------------------------------------------------------------
                         required time                          0.055    
                         arrival time                           0.091    
  -------------------------------------------------------------------
                         slack                                  0.146    





